scenario_id,runs_observed,usable_runs,question_matched_runs,domestic_violence_explicit_probe_runs,expected_category_present_initial_runs,expected_category_is_initial_top_runs,expected_category_present_final_runs,expected_category_is_final_top_runs,expected_exact_label_present_final_runs,distinct_question_sets,distinct_final_label_sets,swap_pair,domestic_violence_hidden_fact,paper_failure_mode
legacy_001,2,2,1,0,0,0,1,1,0,2,1,bankruptcy_vs_collections,False,bankruptcy_vs_collections
legacy_002,2,2,2,0,1,0,2,2,0,2,2,bankruptcy_vs_collections,False,bankruptcy_vs_collections
legacy_003,2,2,1,0,0,0,1,0,0,2,1,bankruptcy_vs_collections,False,bankruptcy_vs_collections
legacy_004,2,2,2,0,0,0,2,2,0,2,2,bankruptcy_vs_collections,False,bankruptcy_vs_collections
legacy_005,2,2,1,0,0,0,1,1,0,2,1,bankruptcy_vs_collections,False,bankruptcy_vs_collections
legacy_006,2,2,2,0,0,0,2,1,0,2,2,bankruptcy_vs_collections,False,bankruptcy_vs_collections
legacy_007,2,2,2,0,0,0,2,2,0,2,2,bankruptcy_vs_collections,False,bankruptcy_vs_collections
legacy_008,2,2,2,0,0,0,2,1,0,2,2,bankruptcy_vs_collections,False,bankruptcy_vs_collections
legacy_009,2,2,2,0,0,0,2,2,0,2,2,bankruptcy_vs_collections,False,bankruptcy_vs_collections
legacy_010,2,2,2,0,0,0,2,2,0,2,2,bankruptcy_vs_collections,False,bankruptcy_vs_collections
legacy_011,2,2,0,0,2,2,0,0,0,1,0,bankruptcy_vs_collections,False,bankruptcy_vs_collections
legacy_012,2,2,0,0,2,2,0,0,0,1,0,bankruptcy_vs_collections,False,bankruptcy_vs_collections
legacy_013,2,2,0,0,2,2,0,0,0,1,0,bankruptcy_vs_collections,False,bankruptcy_vs_collections
legacy_014,2,2,0,0,2,2,0,0,0,1,0,bankruptcy_vs_collections,False,bankruptcy_vs_collections
legacy_015,2,2,0,0,2,2,0,0,0,1,0,bankruptcy_vs_collections,False,bankruptcy_vs_collections
legacy_016,2,2,0,0,2,2,0,0,0,1,0,bankruptcy_vs_collections,False,bankruptcy_vs_collections
legacy_017,2,2,0,0,2,2,0,0,0,1,0,bankruptcy_vs_collections,False,bankruptcy_vs_collections
legacy_018,2,2,0,0,2,2,0,0,0,2,0,bankruptcy_vs_collections,False,bankruptcy_vs_collections
legacy_019,2,2,0,0,2,2,0,0,0,1,0,bankruptcy_vs_collections,False,bankruptcy_vs_collections
legacy_020,2,2,0,0,2,2,0,0,0,1,0,bankruptcy_vs_collections,False,bankruptcy_vs_collections
legacy_021,2,2,2,1,0,0,2,0,2,2,1,criminal_vs_restraining,False,criminal_vs_restraining
legacy_022,2,2,2,1,0,0,2,0,2,2,1,criminal_vs_restraining,False,criminal_vs_restraining
legacy_023,2,2,2,1,0,0,2,1,0,2,2,criminal_vs_restraining,False,criminal_vs_restraining
legacy_024,2,2,2,2,0,0,2,2,0,2,1,criminal_vs_restraining,False,criminal_vs_restraining
legacy_025,2,2,2,2,0,0,1,0,1,2,2,criminal_vs_restraining,False,criminal_vs_restraining
legacy_026,2,2,2,2,0,0,0,0,0,2,2,criminal_vs_restraining,False,criminal_vs_restraining
legacy_027,2,2,2,0,0,0,2,0,2,2,1,criminal_vs_restraining,False,criminal_vs_restraining
legacy_028,2,2,2,1,0,0,1,0,1,2,2,criminal_vs_restraining,False,criminal_vs_restraining
legacy_029,2,2,2,2,0,0,0,0,0,2,2,criminal_vs_restraining,False,criminal_vs_restraining
legacy_030,2,2,2,1,0,0,2,0,2,2,1,criminal_vs_restraining,False,criminal_vs_restraining
legacy_031,2,2,0,0,2,0,0,0,0,2,0,criminal_vs_restraining,False,criminal_vs_restraining
legacy_032,2,2,1,1,0,0,0,0,0,2,1,criminal_vs_restraining,False,criminal_vs_restraining
legacy_033,2,2,1,1,0,0,0,0,0,2,1,criminal_vs_restraining,False,criminal_vs_restraining
legacy_034,2,2,0,0,0,0,0,0,0,2,0,criminal_vs_restraining,False,criminal_vs_restraining
legacy_035,2,2,1,1,0,0,0,0,0,2,1,criminal_vs_restraining,False,criminal_vs_restraining
legacy_036,2,2,2,0,1,0,0,0,0,2,2,criminal_vs_restraining,False,criminal_vs_restraining
legacy_037,2,2,1,1,2,1,0,0,0,2,1,criminal_vs_restraining,False,criminal_vs_restraining
legacy_038,2,2,1,1,0,0,0,0,0,2,1,criminal_vs_restraining,False,criminal_vs_restraining
legacy_039,2,2,2,0,2,0,0,0,0,1,2,criminal_vs_restraining,False,criminal_vs_restraining
legacy_040,2,2,1,1,2,0,0,0,0,2,1,criminal_vs_restraining,False,criminal_vs_restraining
legacy_041,2,2,2,0,2,2,2,2,0,2,1,custody_vs_support,False,
legacy_042,2,2,2,1,2,2,2,2,1,2,2,custody_vs_support,False,
legacy_043,2,2,2,0,2,2,2,2,1,2,2,custody_vs_support,False,
legacy_044,2,2,0,1,2,2,0,0,0,2,0,custody_vs_support,False,
legacy_045,2,2,2,0,2,2,2,2,0,2,1,custody_vs_support,False,
legacy_046,2,2,2,0,2,2,2,2,2,2,1,custody_vs_support,False,
legacy_047,2,2,2,0,2,2,2,2,2,2,1,custody_vs_support,False,
legacy_048,2,2,2,2,2,2,2,2,0,2,1,custody_vs_support,False,
legacy_049,2,2,2,2,2,2,2,2,0,2,2,custody_vs_support,False,
legacy_050,2,2,2,0,2,2,2,2,0,2,2,custody_vs_support,False,
legacy_051,2,2,2,0,2,2,2,2,2,2,1,custody_vs_support,False,
legacy_052,2,2,2,0,2,2,2,2,2,2,2,custody_vs_support,False,
legacy_053,2,2,2,0,2,2,2,2,2,2,2,custody_vs_support,False,
legacy_054,2,2,2,0,2,2,2,2,2,2,1,custody_vs_support,False,
legacy_055,2,2,2,1,2,2,2,2,2,2,1,custody_vs_support,False,
legacy_056,2,2,2,0,2,2,2,2,2,2,1,custody_vs_support,False,
legacy_057,2,2,2,0,2,2,2,2,2,2,1,custody_vs_support,False,
legacy_058,2,2,1,0,2,2,1,1,1,2,1,custody_vs_support,False,
legacy_059,2,2,2,1,2,2,2,2,2,2,2,custody_vs_support,False,
legacy_060,2,2,2,0,2,2,2,2,2,2,1,custody_vs_support,False,
legacy_061,2,2,2,0,1,0,2,2,2,2,1,debtor_vs_creditor,False,
legacy_062,2,2,2,0,0,0,2,2,2,2,2,debtor_vs_creditor,False,
legacy_063,2,2,2,0,2,0,2,0,1,2,2,debtor_vs_creditor,False,
legacy_064,2,2,2,0,2,1,2,1,0,2,2,debtor_vs_creditor,False,
legacy_065,2,2,2,0,2,1,2,1,2,2,2,debtor_vs_creditor,False,
legacy_066,2,2,2,0,2,0,0,0,0,2,2,debtor_vs_creditor,False,
legacy_067,2,2,2,0,2,2,1,1,1,2,2,debtor_vs_creditor,False,
legacy_068,2,2,2,0,2,2,1,0,1,2,2,debtor_vs_creditor,False,
legacy_069,2,2,2,0,2,2,1,0,1,2,2,debtor_vs_creditor,False,
legacy_070,2,2,2,0,2,2,1,0,0,2,2,debtor_vs_creditor,False,
legacy_071,2,2,0,0,0,0,0,0,0,2,0,debtor_vs_creditor,False,
legacy_072,2,2,0,0,1,0,0,0,0,2,0,debtor_vs_creditor,False,
legacy_073,2,2,0,0,1,0,0,0,0,2,0,debtor_vs_creditor,False,
legacy_074,2,2,0,0,2,2,0,0,0,1,0,debtor_vs_creditor,False,
legacy_075,2,2,0,0,0,0,0,0,0,2,0,debtor_vs_creditor,False,
legacy_076,2,2,0,0,2,1,0,0,0,2,0,debtor_vs_creditor,False,
legacy_077,2,2,0,0,2,1,0,0,0,2,0,debtor_vs_creditor,False,
legacy_078,2,2,0,0,2,2,0,0,0,2,0,debtor_vs_creditor,False,
legacy_079,2,2,0,0,0,0,0,0,0,2,0,debtor_vs_creditor,False,
legacy_080,2,2,0,0,2,0,0,0,0,2,0,debtor_vs_creditor,False,
legacy_081,2,2,2,2,2,2,2,2,0,2,1,domestic_violence,True,domestic_violence
legacy_082,2,2,0,0,2,2,0,0,0,2,0,domestic_violence,True,domestic_violence
legacy_083,2,2,0,0,2,2,0,0,0,2,0,domestic_violence,True,domestic_violence
legacy_084,2,2,1,1,2,2,1,1,0,2,1,domestic_violence,True,domestic_violence
legacy_085,2,2,1,1,2,2,1,1,0,2,1,domestic_violence,True,domestic_violence
legacy_086,2,2,0,0,2,2,0,0,0,2,0,domestic_violence,True,domestic_violence
legacy_087,2,2,0,0,2,2,0,0,0,1,0,domestic_violence,True,domestic_violence
legacy_088,2,2,0,0,2,2,0,0,0,2,0,domestic_violence,True,domestic_violence
legacy_089,2,2,0,2,2,2,0,0,0,2,0,domestic_violence,True,domestic_violence
legacy_090,2,2,0,0,2,2,0,0,0,1,0,domestic_violence,True,domestic_violence
legacy_091,2,2,2,2,2,2,2,2,0,2,1,domestic_violence,False,domestic_violence
legacy_092,2,2,1,1,2,2,1,1,0,2,1,domestic_violence,False,domestic_violence
legacy_093,2,2,2,2,2,2,2,2,0,2,1,domestic_violence,False,domestic_violence
legacy_094,2,2,1,1,2,2,1,1,0,2,1,domestic_violence,False,domestic_violence
legacy_095,2,2,0,0,2,2,0,0,0,2,0,domestic_violence,False,domestic_violence
legacy_096,2,2,2,2,2,2,2,2,0,2,2,domestic_violence,False,domestic_violence
legacy_097,2,2,2,2,2,2,2,2,0,2,2,domestic_violence,False,domestic_violence
legacy_098,2,2,2,0,2,2,2,2,0,2,1,domestic_violence,False,domestic_violence
legacy_099,2,2,0,0,2,2,0,0,0,2,0,domestic_violence,False,domestic_violence
legacy_100,2,2,1,1,2,2,1,1,0,2,1,domestic_violence,False,domestic_violence
legacy_101,2,2,2,0,2,0,2,2,2,1,1,dui_vs_dmv,False,
legacy_102,2,2,2,0,2,0,2,2,2,2,1,dui_vs_dmv,False,
legacy_103,2,2,2,0,2,0,2,2,2,2,1,dui_vs_dmv,False,
legacy_104,2,2,2,0,2,0,2,2,2,2,1,dui_vs_dmv,False,
legacy_105,2,2,2,0,2,0,2,2,2,2,1,dui_vs_dmv,False,
legacy_106,2,2,2,0,2,0,2,2,2,2,1,dui_vs_dmv,False,
legacy_107,2,2,2,0,2,0,2,2,2,2,1,dui_vs_dmv,False,
legacy_108,2,2,2,0,2,1,2,2,2,2,2,dui_vs_dmv,False,
legacy_109,2,2,2,0,2,0,2,2,2,2,1,dui_vs_dmv,False,
legacy_110,2,2,2,0,2,2,2,1,2,2,2,dui_vs_dmv,False,
legacy_111,2,2,2,0,2,2,2,0,0,1,1,dui_vs_dmv,False,
legacy_112,2,2,2,0,2,2,2,0,0,2,1,dui_vs_dmv,False,
legacy_113,2,2,2,0,2,2,2,0,0,2,1,dui_vs_dmv,False,
legacy_114,2,2,2,0,2,2,2,0,0,2,1,dui_vs_dmv,False,
legacy_115,2,2,2,0,2,2,2,0,0,2,1,dui_vs_dmv,False,
legacy_116,2,2,2,0,2,2,1,0,0,2,2,dui_vs_dmv,False,
legacy_117,2,2,2,0,2,2,2,0,0,2,1,dui_vs_dmv,False,
legacy_118,2,2,2,0,2,2,1,0,0,2,2,dui_vs_dmv,False,
legacy_119,2,2,2,0,2,2,2,0,0,1,1,dui_vs_dmv,False,
legacy_120,2,2,2,0,2,2,1,0,0,2,2,dui_vs_dmv,False,
legacy_121,2,2,2,0,2,2,0,0,0,2,2,employee_vs_employer,False,
legacy_122,2,2,2,0,2,2,0,0,0,2,2,employee_vs_employer,False,
legacy_123,2,2,1,0,2,2,0,0,0,2,1,employee_vs_employer,False,
legacy_124,2,2,2,0,0,0,0,0,0,2,2,employee_vs_employer,False,
legacy_125,2,2,2,0,2,2,0,0,0,2,2,employee_vs_employer,False,
legacy_126,2,2,2,0,0,0,0,0,0,2,2,employee_vs_employer,False,
legacy_127,2,2,2,0,2,2,0,0,0,2,2,employee_vs_employer,False,
legacy_128,2,2,2,0,2,2,0,0,0,2,2,employee_vs_employer,False,
legacy_129,2,2,2,0,2,2,0,0,0,2,1,employee_vs_employer,False,
legacy_130,2,2,2,0,2,0,0,0,0,2,2,employee_vs_employer,False,
legacy_131,2,2,2,0,0,0,2,2,0,2,2,employee_vs_employer,False,
legacy_132,2,2,2,0,0,0,2,2,0,2,2,employee_vs_employer,False,
legacy_133,2,2,2,0,0,0,2,2,0,2,2,employee_vs_employer,False,
legacy_134,2,2,2,0,0,0,2,2,0,2,2,employee_vs_employer,False,
legacy_135,2,2,2,0,0,0,2,2,0,2,2,employee_vs_employer,False,
legacy_136,2,2,2,0,0,0,2,2,0,2,2,employee_vs_employer,False,
legacy_137,2,2,2,1,0,0,0,0,0,2,2,employee_vs_employer,False,
legacy_138,2,2,2,0,0,0,2,2,0,2,2,employee_vs_employer,False,
legacy_139,2,2,2,0,0,0,2,1,0,2,2,employee_vs_employer,False,
legacy_140,2,2,2,0,0,0,2,2,0,2,1,employee_vs_employer,False,
legacy_141,2,2,0,0,2,2,0,0,0,2,0,employment_admin,False,employment_admin
legacy_142,2,2,0,0,2,2,0,0,0,2,0,employment_admin,False,employment_admin
legacy_143,2,2,0,0,2,2,0,0,0,1,0,employment_admin,False,employment_admin
legacy_144,2,2,0,0,2,2,0,0,0,2,0,employment_admin,False,employment_admin
legacy_145,2,2,0,0,2,2,0,0,0,2,0,employment_admin,False,employment_admin
legacy_146,2,2,0,0,2,2,0,0,0,2,0,employment_admin,False,employment_admin
legacy_147,2,2,0,0,2,2,0,0,0,2,0,employment_admin,False,employment_admin
legacy_148,2,2,2,0,2,2,0,0,0,2,1,employment_admin,False,employment_admin
legacy_149,2,2,0,0,2,2,0,0,0,2,0,employment_admin,False,employment_admin
legacy_150,2,2,1,0,2,2,0,0,0,2,1,employment_admin,False,employment_admin
legacy_151,2,2,0,0,0,0,0,0,0,2,0,employment_admin,False,employment_admin
legacy_152,2,2,0,0,0,0,0,0,0,2,0,employment_admin,False,employment_admin
legacy_153,2,2,0,0,0,0,0,0,0,2,0,employment_admin,False,employment_admin
legacy_154,2,2,0,0,0,0,0,0,0,2,0,employment_admin,False,employment_admin
legacy_155,2,2,1,0,0,0,1,1,0,2,1,employment_admin,False,employment_admin
legacy_156,2,2,2,0,0,0,2,2,0,2,1,employment_admin,False,employment_admin
legacy_157,2,2,0,0,0,0,0,0,0,2,0,employment_admin,False,employment_admin
legacy_158,2,2,0,0,0,0,0,0,0,2,0,employment_admin,False,employment_admin
legacy_159,2,2,0,0,0,0,0,0,0,2,0,employment_admin,False,employment_admin
legacy_160,2,2,0,0,0,0,0,0,0,2,0,employment_admin,False,employment_admin
legacy_161,2,2,2,2,2,0,2,1,2,1,2,injury_location,False,injury_location
legacy_162,2,2,2,0,2,2,1,0,1,2,2,injury_location,False,injury_location
legacy_163,2,2,2,1,2,2,1,0,1,2,2,injury_location,False,injury_location
legacy_164,2,2,2,2,2,2,2,0,2,2,2,injury_location,False,injury_location
legacy_165,2,2,0,0,0,0,0,0,0,1,0,injury_location,False,injury_location
legacy_166,2,2,2,0,2,2,1,0,1,2,2,injury_location,False,injury_location
legacy_167,2,2,2,0,2,2,0,0,0,1,2,injury_location,False,injury_location
legacy_168,2,2,2,0,2,2,0,0,0,2,2,injury_location,False,injury_location
legacy_169,2,2,2,0,2,2,0,0,0,2,2,injury_location,False,injury_location
legacy_170,2,2,2,0,2,2,1,0,1,1,2,injury_location,False,injury_location
legacy_171,2,2,2,0,2,2,0,0,0,1,1,injury_location,False,injury_location
legacy_172,2,2,0,0,2,2,0,0,0,2,0,injury_location,False,injury_location
legacy_173,2,2,2,0,2,2,0,0,0,2,2,injury_location,False,injury_location
legacy_174,2,2,0,0,2,2,0,0,0,1,0,injury_location,False,injury_location
legacy_175,2,2,1,0,2,2,0,0,0,2,1,injury_location,False,injury_location
legacy_176,2,2,0,0,2,2,0,0,0,2,0,injury_location,False,injury_location
legacy_177,2,2,2,0,2,2,0,0,0,2,1,injury_location,False,injury_location
legacy_178,2,2,0,1,2,2,0,0,0,2,0,injury_location,False,injury_location
legacy_179,2,2,1,0,2,2,0,0,0,2,1,injury_location,False,injury_location
legacy_180,2,2,1,0,2,2,0,0,0,2,1,injury_location,False,injury_location
legacy_181,2,2,2,0,2,2,2,2,2,2,1,tenant_vs_landlord,False,
legacy_182,2,2,2,0,2,2,2,2,2,2,1,tenant_vs_landlord,False,
legacy_183,2,2,2,0,1,0,1,0,0,2,2,tenant_vs_landlord,False,
legacy_184,2,2,0,0,2,2,0,0,0,1,0,tenant_vs_landlord,False,
legacy_185,2,2,2,0,2,2,2,2,1,2,2,tenant_vs_landlord,False,
legacy_186,2,2,2,0,2,2,2,2,2,2,2,tenant_vs_landlord,False,
legacy_187,2,2,1,0,2,2,1,1,1,2,1,tenant_vs_landlord,False,
legacy_188,2,2,2,0,2,2,2,2,1,2,2,tenant_vs_landlord,False,
legacy_189,2,2,1,0,2,2,1,1,1,2,1,tenant_vs_landlord,False,
legacy_190,2,2,2,0,2,2,2,2,2,2,1,tenant_vs_landlord,False,
legacy_191,2,2,2,0,2,2,2,2,2,2,1,tenant_vs_landlord,False,
legacy_192,2,2,2,0,2,2,2,2,2,2,1,tenant_vs_landlord,False,
legacy_193,2,2,1,0,2,2,1,1,1,2,1,tenant_vs_landlord,False,
legacy_194,2,2,2,0,2,2,2,2,2,2,1,tenant_vs_landlord,False,
legacy_195,2,2,2,0,2,2,2,2,2,2,1,tenant_vs_landlord,False,
legacy_196,2,2,2,0,2,2,2,2,2,2,1,tenant_vs_landlord,False,
legacy_197,2,2,1,0,2,2,1,1,1,2,1,tenant_vs_landlord,False,
legacy_198,2,2,2,0,2,2,2,2,2,2,2,tenant_vs_landlord,False,
legacy_199,2,2,2,0,2,2,2,2,2,2,2,tenant_vs_landlord,False,
legacy_200,2,2,2,0,2,2,2,2,2,2,2,tenant_vs_landlord,False,
x0001,2,2,2,1,2,2,2,2,0,2,2,divorce_vs_restraining,True,domestic_violence_low_question_coverage
x0002,2,2,2,0,2,2,2,2,0,2,1,divorce_vs_restraining,True,domestic_violence_low_question_coverage
x0003,2,2,2,2,2,2,2,2,0,2,2,divorce_vs_restraining,True,domestic_violence_low_question_coverage
x0004,2,2,2,2,2,2,2,2,0,2,2,divorce_vs_restraining,True,domestic_violence_low_question_coverage
x0005,2,2,2,2,2,2,2,2,0,2,1,divorce_vs_restraining,True,domestic_violence_low_question_coverage
x0006,2,2,2,0,2,2,2,2,0,2,1,divorce_vs_restraining,True,domestic_violence_low_question_coverage
x0007,2,2,2,2,2,2,2,2,1,2,2,divorce_vs_restraining,True,domestic_violence_low_question_coverage
x0008,2,2,2,1,2,2,2,2,0,2,1,divorce_vs_restraining,True,domestic_violence_low_question_coverage
x0009,2,2,2,2,2,2,2,2,0,2,2,divorce_vs_restraining,True,domestic_violence_low_question_coverage
x0010,2,2,1,1,2,2,1,1,0,2,1,divorce_vs_restraining,True,domestic_violence_low_question_coverage
x0011,2,2,2,2,2,2,2,2,1,2,2,divorce_vs_restraining,True,domestic_violence_low_question_coverage
x0012,2,2,1,0,2,2,1,1,0,2,1,divorce_vs_restraining,True,domestic_violence_low_question_coverage
x0013,2,2,2,2,2,2,2,2,0,2,1,divorce_vs_restraining,True,domestic_violence_low_question_coverage
x0014,2,2,2,0,2,2,2,2,2,2,1,divorce_vs_restraining,True,domestic_violence_low_question_coverage
x0015,2,2,2,2,2,2,2,2,1,2,2,divorce_vs_restraining,True,domestic_violence_low_question_coverage
x0016,2,2,1,1,2,2,1,1,0,2,1,divorce_vs_restraining,False,domestic_violence_low_question_coverage
x0017,2,2,2,1,2,2,2,2,0,2,1,divorce_vs_restraining,False,domestic_violence_low_question_coverage
x0018,2,2,2,0,2,2,2,2,0,2,1,divorce_vs_restraining,False,domestic_violence_low_question_coverage
x0019,2,2,1,1,2,2,1,1,0,2,1,divorce_vs_restraining,False,domestic_violence_low_question_coverage
x0020,2,2,1,1,2,2,1,1,0,2,1,divorce_vs_restraining,False,domestic_violence_low_question_coverage
x0021,2,2,1,0,2,2,1,1,0,2,1,divorce_vs_restraining,False,domestic_violence_low_question_coverage
x0022,2,2,2,1,2,2,2,2,0,2,2,divorce_vs_restraining,False,domestic_violence_low_question_coverage
x0023,2,2,1,1,2,2,1,1,0,2,1,divorce_vs_restraining,False,domestic_violence_low_question_coverage
x0024,2,2,2,2,2,2,2,2,0,2,1,divorce_vs_restraining,False,domestic_violence_low_question_coverage
x0025,2,2,2,1,2,2,2,2,0,2,2,divorce_vs_restraining,False,domestic_violence_low_question_coverage
x0026,2,2,2,1,2,2,2,2,0,2,2,divorce_vs_restraining,False,domestic_violence_low_question_coverage
x0027,2,2,2,2,2,2,2,2,0,2,2,divorce_vs_restraining,False,domestic_violence_low_question_coverage
x0028,2,2,2,2,2,2,2,2,0,2,1,divorce_vs_restraining,False,domestic_violence_low_question_coverage
x0029,2,2,2,1,2,2,2,2,0,2,2,divorce_vs_restraining,False,domestic_violence_low_question_coverage
x0030,2,2,2,2,2,2,2,2,0,2,1,divorce_vs_restraining,False,domestic_violence_low_question_coverage
x0031,2,2,0,0,2,2,0,0,0,1,0,custody_vs_restraining,True,domestic_violence_low_question_coverage
x0032,2,2,0,0,2,2,0,0,0,1,0,custody_vs_restraining,True,domestic_violence_low_question_coverage
x0033,2,2,2,1,2,2,2,2,1,2,2,custody_vs_restraining,True,domestic_violence_low_question_coverage
x0034,2,2,2,0,2,2,2,2,0,2,1,custody_vs_restraining,True,domestic_violence_low_question_coverage
x0035,2,2,1,1,2,2,1,1,0,2,1,custody_vs_restraining,True,domestic_violence_low_question_coverage
x0036,2,2,0,0,2,2,0,0,0,2,0,custody_vs_restraining,True,domestic_violence_low_question_coverage
x0037,2,2,1,0,2,2,1,1,1,2,1,custody_vs_restraining,True,domestic_violence_low_question_coverage
x0038,2,2,2,1,2,2,2,2,0,2,1,custody_vs_restraining,True,domestic_violence_low_question_coverage
x0039,2,2,2,2,2,2,2,2,0,2,1,custody_vs_restraining,True,domestic_violence_low_question_coverage
x0040,2,2,0,0,2,2,0,0,0,2,0,custody_vs_restraining,True,domestic_violence_low_question_coverage
x0041,2,2,1,0,2,2,1,1,0,2,1,custody_vs_restraining,True,domestic_violence_low_question_coverage
x0042,2,2,2,1,2,2,2,2,0,2,1,custody_vs_restraining,True,domestic_violence_low_question_coverage
x0043,2,2,1,1,2,2,1,1,0,2,1,custody_vs_restraining,True,domestic_violence_low_question_coverage
x0044,2,2,2,0,2,2,2,2,0,2,1,custody_vs_restraining,True,domestic_violence_low_question_coverage
x0045,2,2,2,1,2,2,2,2,0,2,2,custody_vs_restraining,True,domestic_violence_low_question_coverage
x0046,2,2,2,2,2,2,2,2,0,2,1,custody_vs_restraining,False,domestic_violence_low_question_coverage
x0047,2,2,2,0,2,2,2,2,2,2,1,custody_vs_restraining,False,domestic_violence_low_question_coverage
x0048,2,2,2,1,2,2,2,2,2,2,1,custody_vs_restraining,False,domestic_violence_low_question_coverage
x0049,2,2,2,1,2,2,2,2,0,2,1,custody_vs_restraining,False,domestic_violence_low_question_coverage
x0050,2,2,2,2,2,2,2,2,0,2,2,custody_vs_restraining,False,domestic_violence_low_question_coverage
x0051,2,2,2,2,2,2,2,2,2,2,2,custody_vs_restraining,False,domestic_violence_low_question_coverage
x0052,2,2,2,1,2,2,2,2,2,2,2,custody_vs_restraining,False,domestic_violence_low_question_coverage
x0053,2,2,1,2,2,2,1,1,1,2,1,custody_vs_restraining,False,domestic_violence_low_question_coverage
x0054,2,2,2,2,2,2,2,2,0,2,1,custody_vs_restraining,False,domestic_violence_low_question_coverage
x0055,2,2,2,0,2,2,2,2,2,2,2,custody_vs_restraining,False,domestic_violence_low_question_coverage
x0056,2,2,2,1,2,2,2,2,2,2,1,custody_vs_restraining,False,domestic_violence_low_question_coverage
x0057,2,2,2,2,2,2,2,2,0,2,1,custody_vs_restraining,False,domestic_violence_low_question_coverage
x0058,2,2,1,1,2,2,1,1,0,2,1,custody_vs_restraining,False,domestic_violence_low_question_coverage
x0059,2,2,2,1,2,2,2,2,2,2,2,custody_vs_restraining,False,domestic_violence_low_question_coverage
x0060,2,2,2,0,2,2,2,2,1,2,2,custody_vs_restraining,False,domestic_violence_low_question_coverage
x0061,2,2,1,0,2,2,1,1,0,2,1,separation_vs_financial_abuse,True,domestic_violence_low_question_coverage
x0062,2,2,2,2,2,2,2,2,0,2,2,separation_vs_financial_abuse,True,domestic_violence_low_question_coverage
x0063,2,2,2,2,2,2,2,2,0,2,2,separation_vs_financial_abuse,True,domestic_violence_low_question_coverage
x0064,2,2,1,0,2,2,1,1,0,2,1,separation_vs_financial_abuse,True,domestic_violence_low_question_coverage
x0065,2,2,2,0,2,2,2,2,0,2,2,separation_vs_financial_abuse,True,domestic_violence_low_question_coverage
x0066,2,2,2,2,2,2,2,2,0,2,1,separation_vs_financial_abuse,True,domestic_violence_low_question_coverage
x0067,2,2,2,2,2,2,2,2,0,2,1,separation_vs_financial_abuse,True,domestic_violence_low_question_coverage
x0068,2,2,1,1,2,2,1,1,0,2,1,separation_vs_financial_abuse,True,domestic_violence_low_question_coverage
x0069,2,2,1,2,2,2,1,1,0,2,1,separation_vs_financial_abuse,True,domestic_violence_low_question_coverage
x0070,2,2,2,2,2,2,2,2,1,2,2,separation_vs_financial_abuse,True,domestic_violence_low_question_coverage
x0071,2,2,2,2,2,2,2,2,0,2,2,separation_vs_financial_abuse,True,domestic_violence_low_question_coverage
x0072,2,2,0,0,2,2,0,0,0,2,0,separation_vs_financial_abuse,True,domestic_violence_low_question_coverage
x0073,2,2,1,2,2,2,1,1,0,2,1,separation_vs_financial_abuse,True,domestic_violence_low_question_coverage
x0074,2,2,2,2,2,2,2,2,0,2,1,separation_vs_financial_abuse,True,domestic_violence_low_question_coverage
x0075,2,2,2,2,2,2,2,2,0,2,2,separation_vs_financial_abuse,True,domestic_violence_low_question_coverage
x0076,2,2,0,1,2,2,0,0,0,2,0,separation_vs_financial_abuse,False,domestic_violence_low_question_coverage
x0077,2,2,2,0,2,2,2,2,0,1,2,separation_vs_financial_abuse,False,domestic_violence_low_question_coverage
x0078,2,2,1,2,2,2,1,1,0,2,1,separation_vs_financial_abuse,False,domestic_violence_low_question_coverage
x0079,2,2,1,2,2,2,1,1,0,2,1,separation_vs_financial_abuse,False,domestic_violence_low_question_coverage
x0080,2,2,0,1,2,2,0,0,0,2,0,separation_vs_financial_abuse,False,domestic_violence_low_question_coverage
x0081,2,2,2,1,2,2,2,2,0,2,2,separation_vs_financial_abuse,False,domestic_violence_low_question_coverage
x0082,2,2,1,2,2,2,1,1,0,2,1,separation_vs_financial_abuse,False,domestic_violence_low_question_coverage
x0083,2,2,1,1,2,2,1,1,0,2,1,separation_vs_financial_abuse,False,domestic_violence_low_question_coverage
x0084,2,2,0,1,2,2,0,0,0,2,0,separation_vs_financial_abuse,False,domestic_violence_low_question_coverage
x0085,2,2,1,1,2,2,1,1,0,2,1,separation_vs_financial_abuse,False,domestic_violence_low_question_coverage
x0086,2,2,2,2,2,2,2,2,0,2,1,separation_vs_financial_abuse,False,domestic_violence_low_question_coverage
x0087,2,2,1,1,2,2,1,1,0,2,1,separation_vs_financial_abuse,False,domestic_violence_low_question_coverage
x0088,2,2,0,1,2,2,0,0,0,2,0,separation_vs_financial_abuse,False,domestic_violence_low_question_coverage
x0089,2,2,1,1,2,2,1,1,0,2,1,separation_vs_financial_abuse,False,domestic_violence_low_question_coverage
x0090,2,2,0,2,2,2,0,0,0,2,0,separation_vs_financial_abuse,False,domestic_violence_low_question_coverage
x0091,2,2,2,0,2,2,2,0,2,2,1,stalking_vs_restraining,True,criminal_vs_restraining_wrong_stalking_default
x0092,2,2,2,1,2,2,2,0,2,2,1,stalking_vs_restraining,True,criminal_vs_restraining_wrong_stalking_default
x0093,2,2,2,1,2,2,2,0,2,2,1,stalking_vs_restraining,True,criminal_vs_restraining_wrong_stalking_default
x0094,2,2,2,1,2,1,2,2,2,2,2,stalking_vs_restraining,True,criminal_vs_restraining_wrong_stalking_default
x0095,2,2,2,0,2,2,2,0,2,2,1,stalking_vs_restraining,True,criminal_vs_restraining_wrong_stalking_default
x0096,2,2,2,1,2,2,1,0,1,2,2,stalking_vs_restraining,True,criminal_vs_restraining_wrong_stalking_default
x0097,2,2,2,2,2,2,2,0,2,2,1,stalking_vs_restraining,True,criminal_vs_restraining_wrong_stalking_default
x0098,2,2,2,1,2,1,2,2,2,2,2,stalking_vs_restraining,True,criminal_vs_restraining_wrong_stalking_default
x0099,2,2,2,0,2,2,2,0,2,1,1,stalking_vs_restraining,True,criminal_vs_restraining_wrong_stalking_default
x0100,2,2,2,1,2,2,2,0,2,2,1,stalking_vs_restraining,True,criminal_vs_restraining_wrong_stalking_default
x0101,2,2,2,0,2,2,0,0,0,2,2,stalking_vs_restraining,True,criminal_vs_restraining_wrong_stalking_default
x0102,2,2,2,0,2,0,2,2,2,2,1,stalking_vs_restraining,True,criminal_vs_restraining_wrong_stalking_default
x0103,2,2,2,0,2,2,2,0,2,2,1,stalking_vs_restraining,True,criminal_vs_restraining_wrong_stalking_default
x0104,2,2,2,1,2,2,2,0,2,2,1,stalking_vs_restraining,True,criminal_vs_restraining_wrong_stalking_default
x0105,2,2,2,0,2,2,1,0,1,2,2,stalking_vs_restraining,True,criminal_vs_restraining_wrong_stalking_default
x0106,2,2,2,1,2,2,2,0,2,2,1,stalking_vs_restraining,False,criminal_vs_restraining_wrong_stalking_default
x0107,2,2,2,0,2,2,2,2,2,2,2,stalking_vs_restraining,False,criminal_vs_restraining_wrong_stalking_default
x0108,2,2,2,0,2,0,2,2,2,2,1,stalking_vs_restraining,False,criminal_vs_restraining_wrong_stalking_default
x0109,2,2,2,1,2,2,2,0,2,2,2,stalking_vs_restraining,False,criminal_vs_restraining_wrong_stalking_default
x0110,2,2,2,2,2,2,1,1,1,2,2,stalking_vs_restraining,False,criminal_vs_restraining_wrong_stalking_default
x0111,2,2,2,2,2,0,2,1,2,2,2,stalking_vs_restraining,False,criminal_vs_restraining_wrong_stalking_default
x0112,2,2,2,1,2,0,2,2,2,2,1,stalking_vs_restraining,False,criminal_vs_restraining_wrong_stalking_default
x0113,2,2,2,0,2,2,2,0,2,2,2,stalking_vs_restraining,False,criminal_vs_restraining_wrong_stalking_default
x0114,2,2,2,0,2,1,2,1,2,2,2,stalking_vs_restraining,False,criminal_vs_restraining_wrong_stalking_default
x0115,2,2,2,1,2,0,2,2,2,2,1,stalking_vs_restraining,False,criminal_vs_restraining_wrong_stalking_default
x0116,2,2,2,0,2,0,2,2,2,2,1,stalking_vs_restraining,False,criminal_vs_restraining_wrong_stalking_default
x0117,2,2,2,1,2,2,2,0,2,2,1,stalking_vs_restraining,False,criminal_vs_restraining_wrong_stalking_default
x0118,2,2,2,1,2,2,2,1,2,2,2,stalking_vs_restraining,False,criminal_vs_restraining_wrong_stalking_default
x0119,2,2,2,1,2,0,2,2,2,2,1,stalking_vs_restraining,False,criminal_vs_restraining_wrong_stalking_default
x0120,2,2,2,1,2,1,2,1,2,2,2,stalking_vs_restraining,False,criminal_vs_restraining_wrong_stalking_default
x0121,2,2,2,1,2,1,1,0,0,2,2,criminal_case_vs_protection,True,criminal_vs_restraining_wrong_stalking_default
x0122,2,2,2,0,2,2,2,0,1,2,2,criminal_case_vs_protection,True,criminal_vs_restraining_wrong_stalking_default
x0123,2,2,2,0,2,0,2,0,1,2,2,criminal_case_vs_protection,True,criminal_vs_restraining_wrong_stalking_default
x0124,2,2,2,1,0,0,2,2,1,2,2,criminal_case_vs_protection,True,criminal_vs_restraining_wrong_stalking_default
x0125,2,2,2,0,2,1,1,0,0,2,2,criminal_case_vs_protection,True,criminal_vs_restraining_wrong_stalking_default
x0126,2,2,2,0,2,2,2,0,1,2,2,criminal_case_vs_protection,True,criminal_vs_restraining_wrong_stalking_default
x0127,2,2,2,0,2,1,2,0,1,2,2,criminal_case_vs_protection,True,criminal_vs_restraining_wrong_stalking_default
x0128,2,2,2,2,0,0,1,0,0,2,2,criminal_case_vs_protection,True,criminal_vs_restraining_wrong_stalking_default
x0129,2,2,2,0,2,1,2,0,0,2,2,criminal_case_vs_protection,True,criminal_vs_restraining_wrong_stalking_default
x0130,2,2,2,2,2,2,2,0,1,2,2,criminal_case_vs_protection,True,criminal_vs_restraining_wrong_stalking_default
x0131,2,2,2,2,2,1,1,0,0,2,2,criminal_case_vs_protection,True,criminal_vs_restraining_wrong_stalking_default
x0132,2,2,2,2,0,0,0,0,0,2,1,criminal_case_vs_protection,True,criminal_vs_restraining_wrong_stalking_default
x0133,2,2,2,0,2,1,2,0,1,2,2,criminal_case_vs_protection,True,criminal_vs_restraining_wrong_stalking_default
x0134,2,2,2,1,2,2,2,0,2,2,2,criminal_case_vs_protection,True,criminal_vs_restraining_wrong_stalking_default
x0135,2,2,2,0,1,0,2,0,2,2,2,criminal_case_vs_protection,True,criminal_vs_restraining_wrong_stalking_default
x0136,2,2,0,2,2,2,0,0,0,2,0,criminal_case_vs_protection,False,criminal_vs_restraining_wrong_stalking_default
x0137,2,2,1,1,2,2,0,0,0,2,1,criminal_case_vs_protection,False,criminal_vs_restraining_wrong_stalking_default
x0138,2,2,0,1,2,0,0,0,0,2,0,criminal_case_vs_protection,False,criminal_vs_restraining_wrong_stalking_default
x0139,2,2,0,1,2,2,0,0,0,2,0,criminal_case_vs_protection,False,criminal_vs_restraining_wrong_stalking_default
x0140,2,2,0,2,2,2,0,0,0,2,0,criminal_case_vs_protection,False,criminal_vs_restraining_wrong_stalking_default
x0141,2,2,1,2,2,2,0,0,0,2,1,criminal_case_vs_protection,False,criminal_vs_restraining_wrong_stalking_default
x0142,2,2,0,2,2,1,0,0,0,2,0,criminal_case_vs_protection,False,criminal_vs_restraining_wrong_stalking_default
x0143,2,2,0,1,2,2,0,0,0,2,0,criminal_case_vs_protection,False,criminal_vs_restraining_wrong_stalking_default
x0144,2,2,0,2,2,2,0,0,0,2,0,criminal_case_vs_protection,False,criminal_vs_restraining_wrong_stalking_default
x0145,2,2,0,2,2,2,0,0,0,2,0,criminal_case_vs_protection,False,criminal_vs_restraining_wrong_stalking_default
x0146,2,2,0,2,2,0,0,0,0,2,0,criminal_case_vs_protection,False,criminal_vs_restraining_wrong_stalking_default
x0147,2,2,0,1,2,2,0,0,0,2,0,criminal_case_vs_protection,False,criminal_vs_restraining_wrong_stalking_default
x0148,2,2,1,2,2,1,0,0,0,2,1,criminal_case_vs_protection,False,criminal_vs_restraining_wrong_stalking_default
x0149,2,2,1,2,2,2,0,0,0,2,1,criminal_case_vs_protection,False,criminal_vs_restraining_wrong_stalking_default
x0150,2,2,0,2,2,0,0,0,0,2,0,criminal_case_vs_protection,False,criminal_vs_restraining_wrong_stalking_default
x0151,2,2,1,0,2,2,0,0,0,2,1,employment_vs_state_hearing,False,employment_admin_ignores_hearing_signals
x0152,2,2,2,0,2,2,0,0,0,2,1,employment_vs_state_hearing,False,employment_admin_ignores_hearing_signals
x0153,2,2,1,0,2,2,0,0,0,2,1,employment_vs_state_hearing,False,employment_admin_ignores_hearing_signals
x0154,2,2,0,0,2,2,0,0,0,2,0,employment_vs_state_hearing,False,employment_admin_ignores_hearing_signals
x0155,2,2,1,0,2,2,0,0,0,2,1,employment_vs_state_hearing,False,employment_admin_ignores_hearing_signals
x0156,2,2,1,0,2,2,0,0,0,2,1,employment_vs_state_hearing,False,employment_admin_ignores_hearing_signals
x0157,2,2,2,0,2,2,0,0,0,2,2,employment_vs_state_hearing,False,employment_admin_ignores_hearing_signals
x0158,2,2,1,0,2,2,0,0,0,2,1,employment_vs_state_hearing,False,employment_admin_ignores_hearing_signals
x0159,2,2,0,0,2,2,0,0,0,2,0,employment_vs_state_hearing,False,employment_admin_ignores_hearing_signals
x0160,2,2,1,0,2,2,0,0,0,2,1,employment_vs_state_hearing,False,employment_admin_ignores_hearing_signals
x0161,2,2,2,0,2,2,0,0,0,2,2,employment_vs_state_hearing,False,employment_admin_ignores_hearing_signals
x0162,2,2,0,0,2,2,0,0,0,2,0,employment_vs_state_hearing,False,employment_admin_ignores_hearing_signals
x0163,2,2,2,0,2,2,0,0,0,2,2,employment_vs_state_hearing,False,employment_admin_ignores_hearing_signals
x0164,2,2,1,0,2,2,0,0,0,2,1,employment_vs_state_hearing,False,employment_admin_ignores_hearing_signals
x0165,2,2,1,0,2,2,0,0,0,2,1,employment_vs_state_hearing,False,employment_admin_ignores_hearing_signals
x0166,2,2,2,0,0,0,2,2,0,2,1,employment_vs_state_hearing,False,employment_admin_ignores_hearing_signals
x0167,2,2,1,0,0,0,1,1,0,2,1,employment_vs_state_hearing,False,employment_admin_ignores_hearing_signals
x0168,2,2,2,0,0,0,2,2,0,2,1,employment_vs_state_hearing,False,employment_admin_ignores_hearing_signals
x0169,2,2,2,0,0,0,2,2,0,2,1,employment_vs_state_hearing,False,employment_admin_ignores_hearing_signals
x0170,2,2,2,0,0,0,2,2,0,2,2,employment_vs_state_hearing,False,employment_admin_ignores_hearing_signals
x0171,2,2,1,0,0,0,1,1,0,2,1,employment_vs_state_hearing,False,employment_admin_ignores_hearing_signals
x0172,2,2,2,0,0,0,2,2,0,2,1,employment_vs_state_hearing,False,employment_admin_ignores_hearing_signals
x0173,2,2,2,0,0,0,2,2,0,2,2,employment_vs_state_hearing,False,employment_admin_ignores_hearing_signals
x0174,2,2,2,0,0,0,2,2,0,2,2,employment_vs_state_hearing,False,employment_admin_ignores_hearing_signals
x0175,2,2,0,0,0,0,0,0,0,2,0,employment_vs_state_hearing,False,employment_admin_ignores_hearing_signals
x0176,2,2,2,0,0,0,2,2,0,2,1,employment_vs_state_hearing,False,employment_admin_ignores_hearing_signals
x0177,2,2,2,0,0,0,2,2,0,2,2,employment_vs_state_hearing,False,employment_admin_ignores_hearing_signals
x0178,2,2,2,0,0,0,2,2,0,2,1,employment_vs_state_hearing,False,employment_admin_ignores_hearing_signals
x0179,2,2,0,0,0,0,0,0,0,2,0,employment_vs_state_hearing,False,employment_admin_ignores_hearing_signals
x0180,2,2,2,0,0,0,2,2,0,2,1,employment_vs_state_hearing,False,employment_admin_ignores_hearing_signals
x0181,2,2,2,0,2,2,2,0,2,2,1,wrongful_discharge_vs_unemployment,False,employment_admin_ignores_hearing_signals
x0182,2,2,0,0,2,2,0,0,0,2,0,wrongful_discharge_vs_unemployment,False,employment_admin_ignores_hearing_signals
x0183,2,2,1,0,2,2,0,0,0,2,1,wrongful_discharge_vs_unemployment,False,employment_admin_ignores_hearing_signals
x0184,2,2,0,0,2,2,0,0,0,2,0,wrongful_discharge_vs_unemployment,False,employment_admin_ignores_hearing_signals
x0185,2,2,1,0,2,2,1,0,1,2,1,wrongful_discharge_vs_unemployment,False,employment_admin_ignores_hearing_signals
x0186,2,2,0,0,2,2,0,0,0,2,0,wrongful_discharge_vs_unemployment,False,employment_admin_ignores_hearing_signals
x0187,2,2,1,0,2,2,0,0,0,2,1,wrongful_discharge_vs_unemployment,False,employment_admin_ignores_hearing_signals
x0188,2,2,0,0,2,2,0,0,0,2,0,wrongful_discharge_vs_unemployment,False,employment_admin_ignores_hearing_signals
x0189,2,2,2,0,2,2,2,0,2,1,2,wrongful_discharge_vs_unemployment,False,employment_admin_ignores_hearing_signals
x0190,2,2,0,0,2,2,0,0,0,2,0,wrongful_discharge_vs_unemployment,False,employment_admin_ignores_hearing_signals
x0191,2,2,0,0,2,2,0,0,0,2,0,wrongful_discharge_vs_unemployment,False,employment_admin_ignores_hearing_signals
x0192,2,2,0,0,2,2,0,0,0,2,0,wrongful_discharge_vs_unemployment,False,employment_admin_ignores_hearing_signals
x0193,2,2,1,0,2,2,1,0,1,2,1,wrongful_discharge_vs_unemployment,False,employment_admin_ignores_hearing_signals
x0194,2,2,0,0,2,2,0,0,0,2,0,wrongful_discharge_vs_unemployment,False,employment_admin_ignores_hearing_signals
x0195,2,2,0,0,2,2,0,0,0,2,0,wrongful_discharge_vs_unemployment,False,employment_admin_ignores_hearing_signals
x0196,2,2,1,0,2,2,1,0,0,2,1,wrongful_discharge_vs_unemployment,False,employment_admin_ignores_hearing_signals
x0197,2,2,0,0,2,2,0,0,0,2,0,wrongful_discharge_vs_unemployment,False,employment_admin_ignores_hearing_signals
x0198,2,2,2,0,2,0,2,2,0,2,2,wrongful_discharge_vs_unemployment,False,employment_admin_ignores_hearing_signals
x0199,2,2,2,0,1,0,2,2,0,2,1,wrongful_discharge_vs_unemployment,False,employment_admin_ignores_hearing_signals
x0200,2,2,0,0,2,2,0,0,0,2,0,wrongful_discharge_vs_unemployment,False,employment_admin_ignores_hearing_signals
x0201,2,2,0,0,2,2,0,0,0,1,0,wrongful_discharge_vs_unemployment,False,employment_admin_ignores_hearing_signals
x0202,2,2,2,0,2,0,2,2,0,2,2,wrongful_discharge_vs_unemployment,False,employment_admin_ignores_hearing_signals
x0203,2,2,2,0,0,0,2,2,0,2,1,wrongful_discharge_vs_unemployment,False,employment_admin_ignores_hearing_signals
x0204,2,2,0,0,2,2,0,0,0,2,0,wrongful_discharge_vs_unemployment,False,employment_admin_ignores_hearing_signals
x0205,2,2,0,0,2,2,0,0,0,1,0,wrongful_discharge_vs_unemployment,False,employment_admin_ignores_hearing_signals
x0206,2,2,2,0,2,0,2,2,0,2,2,wrongful_discharge_vs_unemployment,False,employment_admin_ignores_hearing_signals
x0207,2,2,2,0,1,0,2,2,0,2,2,wrongful_discharge_vs_unemployment,False,employment_admin_ignores_hearing_signals
x0208,2,2,2,0,2,2,2,0,0,2,1,wrongful_discharge_vs_unemployment,False,employment_admin_ignores_hearing_signals
x0209,2,2,0,0,2,2,0,0,0,1,0,wrongful_discharge_vs_unemployment,False,employment_admin_ignores_hearing_signals
x0210,2,2,2,0,0,0,2,2,0,2,1,wrongful_discharge_vs_unemployment,False,employment_admin_ignores_hearing_signals
x0211,2,2,2,2,2,2,0,0,0,2,1,work_injury_vs_personal_injury,False,injury_location_does_not_flip_off_clock
x0212,2,2,2,1,2,2,0,0,0,2,1,work_injury_vs_personal_injury,False,injury_location_does_not_flip_off_clock
x0213,2,2,2,1,2,2,2,1,2,2,2,work_injury_vs_personal_injury,False,injury_location_does_not_flip_off_clock
x0214,2,2,0,1,2,2,0,0,0,2,0,work_injury_vs_personal_injury,False,injury_location_does_not_flip_off_clock
x0215,2,2,2,2,2,2,0,0,0,2,1,work_injury_vs_personal_injury,False,injury_location_does_not_flip_off_clock
x0216,2,2,2,1,2,2,0,0,0,2,1,work_injury_vs_personal_injury,False,injury_location_does_not_flip_off_clock
x0217,2,2,2,0,2,2,2,0,2,2,1,work_injury_vs_personal_injury,False,injury_location_does_not_flip_off_clock
x0218,2,2,2,1,2,2,0,0,0,2,2,work_injury_vs_personal_injury,False,injury_location_does_not_flip_off_clock
x0219,2,2,2,2,2,2,0,0,0,2,2,work_injury_vs_personal_injury,False,injury_location_does_not_flip_off_clock
x0220,2,2,2,2,2,2,0,0,0,2,1,work_injury_vs_personal_injury,False,injury_location_does_not_flip_off_clock
x0221,2,2,2,2,2,2,2,0,1,2,2,work_injury_vs_personal_injury,False,injury_location_does_not_flip_off_clock
x0222,2,2,1,2,2,2,0,0,0,2,1,work_injury_vs_personal_injury,False,injury_location_does_not_flip_off_clock
x0223,2,2,2,2,2,2,0,0,0,2,1,work_injury_vs_personal_injury,False,injury_location_does_not_flip_off_clock
x0224,2,2,2,0,2,2,0,0,0,2,1,work_injury_vs_personal_injury,False,injury_location_does_not_flip_off_clock
x0225,2,2,2,1,2,2,2,0,2,2,2,work_injury_vs_personal_injury,False,injury_location_does_not_flip_off_clock
x0226,2,2,0,1,2,2,0,0,0,2,0,work_injury_vs_personal_injury,False,injury_location_does_not_flip_off_clock
x0227,2,2,2,2,0,0,2,2,2,2,2,work_injury_vs_personal_injury,False,injury_location_does_not_flip_off_clock
x0228,2,2,1,0,2,2,0,0,0,1,1,work_injury_vs_personal_injury,False,injury_location_does_not_flip_off_clock
x0229,2,2,2,2,2,0,2,2,2,2,1,work_injury_vs_personal_injury,False,injury_location_does_not_flip_off_clock
x0230,2,2,2,2,2,2,0,0,0,2,1,work_injury_vs_personal_injury,False,injury_location_does_not_flip_off_clock
x0231,2,2,2,2,2,0,2,2,2,2,1,work_injury_vs_personal_injury,False,injury_location_does_not_flip_off_clock
x0232,2,2,2,0,2,2,0,0,0,2,1,work_injury_vs_personal_injury,False,injury_location_does_not_flip_off_clock
x0233,2,2,2,0,2,0,2,2,2,2,1,work_injury_vs_personal_injury,False,injury_location_does_not_flip_off_clock
x0234,2,2,0,1,2,2,0,0,0,2,0,work_injury_vs_personal_injury,False,injury_location_does_not_flip_off_clock
x0235,2,2,2,2,2,0,2,2,2,2,2,work_injury_vs_personal_injury,False,injury_location_does_not_flip_off_clock
x0236,2,2,2,0,2,2,0,0,0,2,1,work_injury_vs_personal_injury,False,injury_location_does_not_flip_off_clock
x0237,2,2,2,0,1,0,2,2,2,2,1,work_injury_vs_personal_injury,False,injury_location_does_not_flip_off_clock
x0238,2,2,1,2,2,2,0,0,0,2,1,work_injury_vs_personal_injury,False,injury_location_does_not_flip_off_clock
x0239,2,2,2,2,2,0,2,2,2,2,1,work_injury_vs_personal_injury,False,injury_location_does_not_flip_off_clock
x0240,2,2,2,0,2,2,0,0,0,1,1,work_injury_vs_personal_injury,False,injury_location_does_not_flip_off_clock
x0241,2,2,2,0,2,2,2,2,1,2,2,workers_comp_vs_third_party,False,injury_location_does_not_flip_off_clock
x0242,2,2,2,1,2,2,2,2,2,2,1,workers_comp_vs_third_party,False,injury_location_does_not_flip_off_clock
x0243,2,2,2,0,2,2,2,2,2,2,1,workers_comp_vs_third_party,False,injury_location_does_not_flip_off_clock
x0244,2,2,2,0,2,2,2,2,1,2,2,workers_comp_vs_third_party,False,injury_location_does_not_flip_off_clock
x0245,2,2,1,0,2,2,1,1,0,2,1,workers_comp_vs_third_party,False,injury_location_does_not_flip_off_clock
x0246,2,2,2,0,2,2,2,2,2,2,1,workers_comp_vs_third_party,False,injury_location_does_not_flip_off_clock
x0247,2,2,1,0,2,2,1,1,1,2,1,workers_comp_vs_third_party,False,injury_location_does_not_flip_off_clock
x0248,2,2,2,1,2,2,2,2,2,2,1,workers_comp_vs_third_party,False,injury_location_does_not_flip_off_clock
x0249,2,2,2,0,2,2,2,2,0,2,1,workers_comp_vs_third_party,False,injury_location_does_not_flip_off_clock
x0250,2,2,2,0,2,2,2,2,2,2,1,workers_comp_vs_third_party,False,injury_location_does_not_flip_off_clock
x0251,2,2,2,0,2,2,2,2,2,2,1,workers_comp_vs_third_party,False,injury_location_does_not_flip_off_clock
x0252,2,2,1,1,2,2,1,1,0,2,1,workers_comp_vs_third_party,False,injury_location_does_not_flip_off_clock
x0253,2,2,2,0,2,2,2,2,0,2,2,workers_comp_vs_third_party,False,injury_location_does_not_flip_off_clock
x0254,2,2,2,0,2,2,2,2,2,2,1,workers_comp_vs_third_party,False,injury_location_does_not_flip_off_clock
x0255,2,2,2,0,2,2,2,2,2,2,2,workers_comp_vs_third_party,False,injury_location_does_not_flip_off_clock
x0256,2,2,1,0,2,2,1,1,1,2,1,workers_comp_vs_third_party,False,injury_location_does_not_flip_off_clock
x0257,2,2,2,0,2,2,2,2,2,2,2,workers_comp_vs_third_party,False,injury_location_does_not_flip_off_clock
x0258,2,2,2,1,2,2,2,2,2,2,1,workers_comp_vs_third_party,False,injury_location_does_not_flip_off_clock
x0259,2,2,2,2,2,2,2,2,2,2,1,workers_comp_vs_third_party,False,injury_location_does_not_flip_off_clock
x0260,2,2,0,0,2,2,0,0,0,2,0,workers_comp_vs_third_party,False,injury_location_does_not_flip_off_clock
x0261,2,2,2,0,2,2,2,2,2,2,1,workers_comp_vs_third_party,False,injury_location_does_not_flip_off_clock
x0262,2,2,2,0,2,2,2,2,2,2,1,workers_comp_vs_third_party,False,injury_location_does_not_flip_off_clock
x0263,2,2,2,1,2,2,2,2,2,2,1,workers_comp_vs_third_party,False,injury_location_does_not_flip_off_clock
x0264,2,2,1,1,2,2,1,1,1,2,1,workers_comp_vs_third_party,False,injury_location_does_not_flip_off_clock
x0265,2,2,2,0,2,2,2,2,2,2,1,workers_comp_vs_third_party,False,injury_location_does_not_flip_off_clock
x0266,2,2,2,1,2,2,2,2,2,2,1,workers_comp_vs_third_party,False,injury_location_does_not_flip_off_clock
x0267,2,2,1,1,2,2,1,1,1,2,1,workers_comp_vs_third_party,False,injury_location_does_not_flip_off_clock
x0268,2,2,2,0,2,2,2,2,2,2,1,workers_comp_vs_third_party,False,injury_location_does_not_flip_off_clock
x0269,2,2,2,1,2,2,2,2,2,2,2,workers_comp_vs_third_party,False,injury_location_does_not_flip_off_clock
x0270,2,2,2,0,2,2,2,2,2,2,1,workers_comp_vs_third_party,False,injury_location_does_not_flip_off_clock
x0271,2,2,0,0,2,2,0,0,0,2,0,bankruptcy_vs_creditor,False,bankruptcy_collections_role_confusion
x0272,2,2,1,0,1,1,1,0,0,2,1,bankruptcy_vs_creditor,False,bankruptcy_collections_role_confusion
x0273,2,2,1,0,2,0,1,1,0,2,1,bankruptcy_vs_creditor,False,bankruptcy_collections_role_confusion
x0274,2,2,1,0,2,1,1,1,0,2,1,bankruptcy_vs_creditor,False,bankruptcy_collections_role_confusion
x0275,2,2,0,0,2,2,0,0,0,2,0,bankruptcy_vs_creditor,False,bankruptcy_collections_role_confusion
x0276,2,2,0,0,2,2,0,0,0,2,0,bankruptcy_vs_creditor,False,bankruptcy_collections_role_confusion
x0277,2,2,0,0,2,1,0,0,0,2,0,bankruptcy_vs_creditor,False,bankruptcy_collections_role_confusion
x0278,2,2,0,0,2,0,0,0,0,2,0,bankruptcy_vs_creditor,False,bankruptcy_collections_role_confusion
x0279,2,2,0,0,2,2,0,0,0,2,0,bankruptcy_vs_creditor,False,bankruptcy_collections_role_confusion
x0280,2,2,0,0,2,2,0,0,0,2,0,bankruptcy_vs_creditor,False,bankruptcy_collections_role_confusion
x0281,2,2,0,0,2,0,0,0,0,2,0,bankruptcy_vs_creditor,False,bankruptcy_collections_role_confusion
x0282,2,2,0,0,2,0,0,0,0,2,0,bankruptcy_vs_creditor,False,bankruptcy_collections_role_confusion
x0283,2,2,0,0,2,2,0,0,0,2,0,bankruptcy_vs_creditor,False,bankruptcy_collections_role_confusion
x0284,2,2,0,0,2,2,0,0,0,2,0,bankruptcy_vs_creditor,False,bankruptcy_collections_role_confusion
x0285,2,2,0,0,2,0,0,0,0,2,0,bankruptcy_vs_creditor,False,bankruptcy_collections_role_confusion
x0286,2,2,0,0,2,2,0,0,0,2,0,bankruptcy_vs_creditor,False,bankruptcy_collections_role_confusion
x0287,2,2,2,0,2,2,0,0,0,2,2,bankruptcy_vs_creditor,False,bankruptcy_collections_role_confusion
x0288,2,2,0,0,1,1,0,0,0,2,0,bankruptcy_vs_creditor,False,bankruptcy_collections_role_confusion
x0289,2,2,0,0,2,1,0,0,0,2,0,bankruptcy_vs_creditor,False,bankruptcy_collections_role_confusion
x0290,2,2,0,0,2,2,0,0,0,2,0,bankruptcy_vs_creditor,False,bankruptcy_collections_role_confusion
x0291,2,2,2,0,2,2,0,0,0,2,2,bankruptcy_vs_creditor,False,bankruptcy_collections_role_confusion
x0292,2,2,0,0,1,0,0,0,0,2,0,bankruptcy_vs_creditor,False,bankruptcy_collections_role_confusion
x0293,2,2,0,0,2,2,0,0,0,2,0,bankruptcy_vs_creditor,False,bankruptcy_collections_role_confusion
x0294,2,2,0,0,2,2,0,0,0,2,0,bankruptcy_vs_creditor,False,bankruptcy_collections_role_confusion
x0295,2,2,1,0,2,2,0,0,0,2,1,bankruptcy_vs_creditor,False,bankruptcy_collections_role_confusion
x0296,2,2,0,0,2,0,0,0,0,1,0,bankruptcy_vs_creditor,False,bankruptcy_collections_role_confusion
x0297,2,2,0,0,2,2,0,0,0,2,0,bankruptcy_vs_creditor,False,bankruptcy_collections_role_confusion
x0298,2,2,0,0,2,2,0,0,0,2,0,bankruptcy_vs_creditor,False,bankruptcy_collections_role_confusion
x0299,2,2,2,0,2,2,0,0,0,2,1,bankruptcy_vs_creditor,False,bankruptcy_collections_role_confusion
x0300,2,2,0,0,2,1,0,0,0,2,0,bankruptcy_vs_creditor,False,bankruptcy_collections_role_confusion
x0301,2,2,2,0,2,2,1,0,1,2,2,judgment_vs_bankruptcy,False,bankruptcy_collections_role_confusion
x0302,2,2,2,0,2,2,0,0,0,2,1,judgment_vs_bankruptcy,False,bankruptcy_collections_role_confusion
x0303,2,2,2,0,2,2,0,0,0,2,1,judgment_vs_bankruptcy,False,bankruptcy_collections_role_confusion
x0304,2,2,2,0,2,2,2,0,2,2,2,judgment_vs_bankruptcy,False,bankruptcy_collections_role_confusion
x0305,2,2,2,0,2,1,0,0,0,2,1,judgment_vs_bankruptcy,False,bankruptcy_collections_role_confusion
x0306,2,2,2,0,2,2,0,0,0,2,2,judgment_vs_bankruptcy,False,bankruptcy_collections_role_confusion
x0307,2,2,2,0,2,2,0,0,0,2,1,judgment_vs_bankruptcy,False,bankruptcy_collections_role_confusion
x0308,2,2,2,0,2,2,2,0,2,2,1,judgment_vs_bankruptcy,False,bankruptcy_collections_role_confusion
x0309,2,2,2,0,2,2,0,0,0,2,1,judgment_vs_bankruptcy,False,bankruptcy_collections_role_confusion
x0310,2,2,2,0,2,2,0,0,0,2,1,judgment_vs_bankruptcy,False,bankruptcy_collections_role_confusion
x0311,2,2,2,0,2,2,0,0,0,1,2,judgment_vs_bankruptcy,False,bankruptcy_collections_role_confusion
x0312,2,2,2,0,2,2,2,0,2,2,1,judgment_vs_bankruptcy,False,bankruptcy_collections_role_confusion
x0313,2,2,2,0,2,2,0,0,0,2,1,judgment_vs_bankruptcy,False,bankruptcy_collections_role_confusion
x0314,2,2,2,0,2,2,0,0,0,2,1,judgment_vs_bankruptcy,False,bankruptcy_collections_role_confusion
x0315,2,2,2,0,2,2,0,0,0,2,1,judgment_vs_bankruptcy,False,bankruptcy_collections_role_confusion
x0316,2,2,0,0,2,2,0,0,0,2,0,judgment_vs_bankruptcy,False,bankruptcy_collections_role_confusion
x0317,2,2,0,0,2,1,0,0,0,2,0,judgment_vs_bankruptcy,False,bankruptcy_collections_role_confusion
x0318,2,2,2,0,1,0,2,2,0,2,2,judgment_vs_bankruptcy,False,bankruptcy_collections_role_confusion
x0319,2,2,0,0,2,0,0,0,0,2,0,judgment_vs_bankruptcy,False,bankruptcy_collections_role_confusion
x0320,2,2,0,0,2,2,0,0,0,2,0,judgment_vs_bankruptcy,False,bankruptcy_collections_role_confusion
x0321,2,2,0,0,2,2,0,0,0,2,0,judgment_vs_bankruptcy,False,bankruptcy_collections_role_confusion
x0322,2,2,2,0,0,0,2,2,0,2,2,judgment_vs_bankruptcy,False,bankruptcy_collections_role_confusion
x0323,2,2,1,0,2,0,1,1,0,2,1,judgment_vs_bankruptcy,False,bankruptcy_collections_role_confusion
x0324,2,2,0,0,2,2,0,0,0,2,0,judgment_vs_bankruptcy,False,bankruptcy_collections_role_confusion
x0325,2,2,0,0,2,1,0,0,0,2,0,judgment_vs_bankruptcy,False,bankruptcy_collections_role_confusion
x0326,2,2,2,0,1,0,2,2,0,2,2,judgment_vs_bankruptcy,False,bankruptcy_collections_role_confusion
x0327,2,2,0,0,2,0,0,0,0,2,0,judgment_vs_bankruptcy,False,bankruptcy_collections_role_confusion
x0328,2,2,0,0,2,2,0,0,0,2,0,judgment_vs_bankruptcy,False,bankruptcy_collections_role_confusion
x0329,2,2,0,0,2,0,0,0,0,2,0,judgment_vs_bankruptcy,False,bankruptcy_collections_role_confusion
x0330,2,2,2,0,2,0,2,2,0,2,1,judgment_vs_bankruptcy,False,bankruptcy_collections_role_confusion
x0331,2,2,2,0,2,2,2,2,2,2,2,tenant_vs_landlord,False,
x0332,2,2,2,0,2,2,2,2,2,2,1,tenant_vs_landlord,False,
x0333,2,2,2,0,2,2,2,2,2,2,1,tenant_vs_landlord,False,
x0334,2,2,2,0,2,2,2,2,2,2,2,tenant_vs_landlord,False,
x0335,2,2,2,0,2,2,2,2,1,2,2,tenant_vs_landlord,False,
x0336,2,2,2,0,2,2,2,2,2,2,2,tenant_vs_landlord,False,
x0337,2,2,2,0,2,2,2,2,2,2,1,tenant_vs_landlord,False,
x0338,2,2,2,0,2,2,2,2,1,2,2,tenant_vs_landlord,False,
x0339,2,2,2,0,2,2,2,2,1,2,2,tenant_vs_landlord,False,
x0340,2,2,2,0,2,2,2,2,2,2,1,tenant_vs_landlord,False,
x0341,2,2,2,0,2,2,2,2,2,2,2,tenant_vs_landlord,False,
x0342,2,2,2,0,2,2,2,2,2,2,2,tenant_vs_landlord,False,
x0343,2,2,2,0,2,2,2,2,2,2,1,tenant_vs_landlord,False,
x0344,2,2,2,0,2,2,2,2,2,2,2,tenant_vs_landlord,False,
x0345,2,2,2,0,2,2,2,2,2,2,2,tenant_vs_landlord,False,
x0346,2,2,2,0,2,2,2,2,0,2,2,tenant_vs_landlord,False,
x0347,2,2,2,0,2,2,2,2,2,2,1,tenant_vs_landlord,False,
x0348,2,2,2,0,2,2,2,2,2,2,1,tenant_vs_landlord,False,
x0349,2,2,2,0,2,2,2,2,2,2,1,tenant_vs_landlord,False,
x0350,2,2,2,0,2,2,2,2,0,2,1,tenant_vs_landlord,False,
x0351,2,2,2,1,2,2,2,2,2,2,1,tenant_vs_landlord,False,
x0352,2,2,2,0,2,2,2,2,2,2,1,tenant_vs_landlord,False,
x0353,2,2,2,0,2,2,2,2,2,2,1,tenant_vs_landlord,False,
x0354,2,2,2,0,2,2,2,2,0,2,1,tenant_vs_landlord,False,
x0355,2,2,2,0,2,2,2,2,2,2,1,tenant_vs_landlord,False,
x0356,2,2,2,0,2,2,2,2,2,2,1,tenant_vs_landlord,False,
x0357,2,2,2,0,2,2,2,2,2,2,2,tenant_vs_landlord,False,
x0358,2,2,2,0,2,2,2,2,0,2,1,tenant_vs_landlord,False,
x0359,2,2,2,0,2,2,2,2,2,2,1,tenant_vs_landlord,False,
x0360,2,2,2,0,2,2,2,2,2,1,1,tenant_vs_landlord,False,
x0361,2,2,2,0,2,1,2,0,2,2,2,dui_vs_dmv,False,
x0362,2,2,2,0,2,0,2,2,2,2,2,dui_vs_dmv,False,
x0363,2,2,2,0,2,0,2,2,2,2,1,dui_vs_dmv,False,
x0364,2,2,2,0,2,0,2,1,2,1,2,dui_vs_dmv,False,
x0365,2,2,2,0,2,1,1,0,1,2,2,dui_vs_dmv,False,
x0366,2,2,1,0,2,0,1,1,1,2,1,dui_vs_dmv,False,
x0367,2,2,2,0,2,0,2,2,2,2,1,dui_vs_dmv,False,
x0368,2,2,2,0,2,0,2,2,2,2,1,dui_vs_dmv,False,
x0369,2,2,2,0,2,0,2,2,2,2,1,dui_vs_dmv,False,
x0370,2,2,2,0,0,0,2,2,2,2,2,dui_vs_dmv,False,
x0371,2,2,2,0,2,0,2,2,2,2,1,dui_vs_dmv,False,
x0372,2,2,2,0,2,0,2,1,2,2,2,dui_vs_dmv,False,
x0373,2,2,2,0,2,1,2,1,2,2,2,dui_vs_dmv,False,
x0374,2,2,2,0,2,0,2,2,2,2,1,dui_vs_dmv,False,
x0375,2,2,2,0,2,0,2,2,2,2,1,dui_vs_dmv,False,
x0376,2,2,2,0,2,2,1,0,0,2,2,dui_vs_dmv,False,
x0377,2,2,1,0,1,1,0,0,0,2,1,dui_vs_dmv,False,
x0378,2,2,2,0,2,2,0,0,0,2,1,dui_vs_dmv,False,
x0379,2,2,2,0,2,1,2,1,0,2,2,dui_vs_dmv,False,
x0380,2,2,2,0,2,2,2,0,0,2,2,dui_vs_dmv,False,
x0381,2,2,2,0,2,2,2,0,0,2,1,dui_vs_dmv,False,
x0382,2,2,2,0,2,2,0,0,0,1,2,dui_vs_dmv,False,
x0383,2,2,2,0,2,1,2,0,0,2,1,dui_vs_dmv,False,
x0384,2,2,2,0,2,2,2,0,0,2,1,dui_vs_dmv,False,
x0385,2,2,2,0,2,2,1,0,0,2,2,dui_vs_dmv,False,
x0386,2,2,2,0,2,2,0,0,0,2,2,dui_vs_dmv,False,
x0387,2,2,2,0,2,2,2,1,0,1,2,dui_vs_dmv,False,
x0388,2,2,2,0,2,2,2,0,0,2,1,dui_vs_dmv,False,
x0389,2,2,2,0,2,2,2,0,0,2,1,dui_vs_dmv,False,
x0390,2,2,2,0,2,2,0,0,0,2,2,dui_vs_dmv,False,
x0391,2,2,2,0,2,2,2,2,1,2,2,custody_vs_support,False,
x0392,2,2,2,0,2,2,2,2,2,2,1,custody_vs_support,False,
x0393,2,2,2,0,2,2,2,2,0,2,1,custody_vs_support,False,
x0394,2,2,0,0,2,2,0,0,0,2,0,custody_vs_support,False,
x0395,2,2,0,1,2,2,0,0,0,2,0,custody_vs_support,False,
x0396,2,2,2,0,2,2,2,2,2,1,1,custody_vs_support,False,
x0397,2,2,2,1,2,2,2,2,2,2,1,custody_vs_support,False,
x0398,2,2,0,2,2,2,0,0,0,2,0,custody_vs_support,False,
x0399,2,2,2,0,2,2,2,2,2,2,1,custody_vs_support,False,
x0400,2,2,2,0,2,2,2,2,2,2,1,custody_vs_support,False,
x0401,2,2,2,0,2,2,2,2,1,1,2,custody_vs_support,False,
x0402,2,2,0,2,2,2,0,0,0,2,0,custody_vs_support,False,
x0403,2,2,2,1,2,2,2,2,1,2,2,custody_vs_support,False,
x0404,2,2,2,0,2,2,2,2,2,1,1,custody_vs_support,False,
x0405,2,2,2,0,2,2,2,2,1,2,2,custody_vs_support,False,
x0406,2,2,2,0,2,2,2,2,2,2,1,custody_vs_support,False,
x0407,2,2,2,0,2,2,2,2,2,2,1,custody_vs_support,False,
x0408,2,2,2,0,2,2,2,2,2,2,2,custody_vs_support,False,
x0409,2,2,2,0,2,2,2,2,1,1,2,custody_vs_support,False,
x0410,2,2,2,0,2,2,2,2,2,2,1,custody_vs_support,False,
x0411,2,2,2,0,2,2,2,2,2,2,1,custody_vs_support,False,
x0412,2,2,2,1,2,2,2,2,2,2,1,custody_vs_support,False,
x0413,2,2,2,0,2,2,2,2,2,1,2,custody_vs_support,False,
x0414,2,2,2,0,2,2,2,2,2,2,1,custody_vs_support,False,
x0415,2,2,2,0,2,2,2,2,2,2,1,custody_vs_support,False,
x0416,2,2,2,0,2,2,2,2,2,2,1,custody_vs_support,False,
x0417,2,2,2,0,2,2,2,2,2,2,2,custody_vs_support,False,
x0418,2,2,2,0,2,2,2,2,2,2,1,custody_vs_support,False,
x0419,2,2,2,0,2,2,2,2,2,2,1,custody_vs_support,False,
x0420,2,2,2,0,2,2,2,2,2,2,1,custody_vs_support,False,
x0421,2,2,2,0,2,2,2,2,0,2,2,wages_vs_wrongful_discharge,False,
x0422,2,2,2,0,2,2,2,2,0,2,1,wages_vs_wrongful_discharge,False,
x0423,2,2,2,0,2,2,2,2,0,2,2,wages_vs_wrongful_discharge,False,
x0424,2,2,2,0,2,2,2,2,0,2,1,wages_vs_wrongful_discharge,False,
x0425,2,2,0,0,2,2,0,0,0,2,0,wages_vs_wrongful_discharge,False,
x0426,2,2,2,0,2,2,2,2,0,2,1,wages_vs_wrongful_discharge,False,
x0427,2,2,2,0,2,2,2,2,0,2,2,wages_vs_wrongful_discharge,False,
x0428,2,2,2,0,2,2,2,2,0,2,1,wages_vs_wrongful_discharge,False,
x0429,2,2,2,1,2,2,2,2,0,2,1,wages_vs_wrongful_discharge,False,
x0430,2,2,2,0,2,2,2,2,0,2,1,wages_vs_wrongful_discharge,False,
x0431,2,2,2,0,2,2,2,2,0,2,2,wages_vs_wrongful_discharge,False,
x0432,2,2,2,0,2,2,2,2,0,2,1,wages_vs_wrongful_discharge,False,
x0433,2,2,2,0,2,2,2,2,0,2,2,wages_vs_wrongful_discharge,False,
x0434,2,2,2,0,2,2,2,2,0,2,2,wages_vs_wrongful_discharge,False,
x0435,2,2,2,0,2,2,2,2,0,2,2,wages_vs_wrongful_discharge,False,
x0436,2,2,2,1,2,2,2,2,0,2,2,wages_vs_wrongful_discharge,False,
x0437,2,2,2,0,2,2,2,2,0,2,2,wages_vs_wrongful_discharge,False,
x0438,2,2,2,0,2,2,2,2,0,2,2,wages_vs_wrongful_discharge,False,
x0439,2,2,2,0,2,2,2,2,0,2,2,wages_vs_wrongful_discharge,False,
x0440,2,2,2,0,2,2,2,2,0,2,2,wages_vs_wrongful_discharge,False,
x0441,2,2,2,0,2,2,2,2,0,2,2,wages_vs_wrongful_discharge,False,
x0442,2,2,2,0,2,2,2,2,0,2,2,wages_vs_wrongful_discharge,False,
x0443,2,2,2,0,2,2,2,2,0,2,2,wages_vs_wrongful_discharge,False,
x0444,2,2,2,0,2,2,2,2,0,2,2,wages_vs_wrongful_discharge,False,
x0445,2,2,2,0,2,2,2,2,0,2,2,wages_vs_wrongful_discharge,False,
x0446,2,2,2,0,2,2,2,2,0,2,2,wages_vs_wrongful_discharge,False,
x0447,2,2,2,1,2,2,2,2,0,2,2,wages_vs_wrongful_discharge,False,
x0448,2,2,2,0,2,2,2,2,0,2,2,wages_vs_wrongful_discharge,False,
x0449,2,2,2,0,2,2,2,2,0,2,2,wages_vs_wrongful_discharge,False,
x0450,2,2,2,0,2,2,2,2,0,2,2,wages_vs_wrongful_discharge,False,
x0451,2,2,2,1,2,2,2,2,0,2,1,malpractice_vs_wrongful_death,False,
x0452,2,2,2,1,2,2,2,2,1,2,2,malpractice_vs_wrongful_death,False,
x0453,2,2,2,1,2,2,2,2,0,2,1,malpractice_vs_wrongful_death,False,
x0454,2,2,2,0,2,2,2,2,1,2,2,malpractice_vs_wrongful_death,False,
x0455,2,2,2,1,2,2,2,2,2,2,1,malpractice_vs_wrongful_death,False,
x0456,2,2,2,1,2,2,2,2,0,2,2,malpractice_vs_wrongful_death,False,
x0457,2,2,2,0,2,2,2,2,1,2,2,malpractice_vs_wrongful_death,False,
x0458,2,2,2,1,2,2,2,2,0,2,2,malpractice_vs_wrongful_death,False,
x0459,2,2,2,0,2,2,2,2,0,2,2,malpractice_vs_wrongful_death,False,
x0460,2,2,2,0,2,2,2,2,1,2,2,malpractice_vs_wrongful_death,False,
x0461,2,2,2,1,2,2,2,2,1,2,2,malpractice_vs_wrongful_death,False,
x0462,2,2,2,1,2,2,2,2,0,2,2,malpractice_vs_wrongful_death,False,
x0463,2,2,2,0,2,2,2,2,0,2,2,malpractice_vs_wrongful_death,False,
x0464,2,2,2,2,2,2,2,2,2,2,1,malpractice_vs_wrongful_death,False,
x0465,2,2,2,0,2,2,2,2,0,2,2,malpractice_vs_wrongful_death,False,
x0466,2,2,2,1,2,2,2,2,0,2,2,malpractice_vs_wrongful_death,False,
x0467,2,2,2,0,2,2,2,2,0,2,2,malpractice_vs_wrongful_death,False,
x0468,2,2,0,0,2,2,0,0,0,2,0,malpractice_vs_wrongful_death,False,
x0469,2,2,2,0,2,2,2,2,0,2,1,malpractice_vs_wrongful_death,False,
x0470,2,2,2,0,2,2,2,2,0,2,1,malpractice_vs_wrongful_death,False,
x0471,2,2,1,0,2,2,1,1,0,2,1,malpractice_vs_wrongful_death,False,
x0472,2,2,2,1,2,2,2,2,0,2,1,malpractice_vs_wrongful_death,False,
x0473,2,2,2,1,2,2,2,2,0,2,1,malpractice_vs_wrongful_death,False,
x0474,2,2,2,0,2,2,2,2,0,2,1,malpractice_vs_wrongful_death,False,
x0475,2,2,1,0,1,1,1,1,0,2,1,malpractice_vs_wrongful_death,False,
x0476,2,2,2,0,2,2,2,2,0,2,2,malpractice_vs_wrongful_death,False,
x0477,2,2,2,0,2,2,2,2,0,2,1,malpractice_vs_wrongful_death,False,
x0478,2,2,2,0,2,2,2,2,0,2,2,malpractice_vs_wrongful_death,False,
x0479,2,2,1,0,2,2,1,1,0,2,1,malpractice_vs_wrongful_death,False,
x0480,2,2,2,0,2,2,2,2,0,2,1,malpractice_vs_wrongful_death,False,
x0481,2,2,2,0,2,2,2,2,2,2,2,paternity_vs_custody,False,
x0482,2,2,2,0,2,2,2,2,0,2,2,paternity_vs_custody,False,
x0483,2,2,2,0,2,2,2,2,2,2,1,paternity_vs_custody,False,
x0484,2,2,2,0,2,2,2,2,2,2,1,paternity_vs_custody,False,
x0485,2,2,1,2,2,2,1,1,1,2,1,paternity_vs_custody,False,
x0486,2,2,2,0,2,2,2,2,0,2,2,paternity_vs_custody,False,
x0487,2,2,2,1,2,2,2,2,2,2,1,paternity_vs_custody,False,
x0488,2,2,2,0,2,2,2,2,2,2,2,paternity_vs_custody,False,
x0489,2,2,2,0,2,2,2,2,2,2,2,paternity_vs_custody,False,
x0490,2,2,2,0,2,2,2,2,2,2,2,paternity_vs_custody,False,
x0491,2,2,2,1,2,2,2,2,2,2,2,paternity_vs_custody,False,
x0492,2,2,2,0,2,2,2,2,2,2,1,paternity_vs_custody,False,
x0493,2,2,1,2,2,2,1,1,1,2,1,paternity_vs_custody,False,
x0494,2,2,2,0,2,2,2,2,0,2,2,paternity_vs_custody,False,
x0495,2,2,2,0,2,2,2,2,1,2,2,paternity_vs_custody,False,
x0496,2,2,1,2,2,2,1,1,0,2,1,paternity_vs_custody,False,
x0497,2,2,2,0,2,2,2,2,0,2,2,paternity_vs_custody,False,
x0498,2,2,0,0,2,2,0,0,0,2,0,paternity_vs_custody,False,
x0499,2,2,0,0,2,2,0,0,0,2,0,paternity_vs_custody,False,
x0500,2,2,1,2,2,2,1,1,0,2,1,paternity_vs_custody,False,
x0501,2,2,2,0,2,2,2,2,0,2,2,paternity_vs_custody,False,
x0502,2,2,0,1,2,2,0,0,0,2,0,paternity_vs_custody,False,
x0503,2,2,1,0,2,2,1,1,1,2,1,paternity_vs_custody,False,
x0504,2,2,2,1,2,2,2,2,0,2,1,paternity_vs_custody,False,
x0505,2,2,2,0,2,2,2,2,0,1,2,paternity_vs_custody,False,
x0506,2,2,0,2,2,2,0,0,0,2,0,paternity_vs_custody,False,
x0507,2,2,0,0,2,2,0,0,0,2,0,paternity_vs_custody,False,
x0508,2,2,2,0,2,2,2,2,0,2,1,paternity_vs_custody,False,
x0509,2,2,2,0,2,2,2,2,0,2,1,paternity_vs_custody,False,
x0510,2,2,0,0,2,2,0,0,0,2,0,paternity_vs_custody,False,
x0511,2,2,1,0,2,2,1,1,0,2,1,guardianship_vs_elder_abuse,False,
x0512,2,2,1,0,2,2,1,1,0,2,1,guardianship_vs_elder_abuse,False,
x0513,2,2,1,0,2,2,1,1,0,2,1,guardianship_vs_elder_abuse,False,
x0514,2,2,0,1,2,1,0,0,0,2,0,guardianship_vs_elder_abuse,False,
x0515,2,2,2,1,2,2,2,2,1,2,2,guardianship_vs_elder_abuse,False,
x0516,2,2,1,0,2,2,1,1,0,2,1,guardianship_vs_elder_abuse,False,
x0517,2,2,1,1,2,2,1,1,0,2,1,guardianship_vs_elder_abuse,False,
x0518,2,2,1,1,2,2,1,1,0,2,1,guardianship_vs_elder_abuse,False,
x0519,2,2,1,0,2,2,1,1,0,2,1,guardianship_vs_elder_abuse,False,
x0520,2,2,0,0,2,2,0,0,0,2,0,guardianship_vs_elder_abuse,False,
x0521,2,2,1,0,2,2,1,1,0,2,1,guardianship_vs_elder_abuse,False,
x0522,2,2,0,2,2,2,0,0,0,2,0,guardianship_vs_elder_abuse,False,
x0523,2,2,1,0,2,2,1,1,0,2,1,guardianship_vs_elder_abuse,False,
x0524,2,2,0,0,2,2,0,0,0,2,0,guardianship_vs_elder_abuse,False,
x0525,2,2,0,0,2,2,0,0,0,2,0,guardianship_vs_elder_abuse,False,
x0526,2,2,2,1,2,2,2,2,2,2,2,guardianship_vs_elder_abuse,False,
x0527,2,2,2,1,2,2,2,2,2,2,1,guardianship_vs_elder_abuse,False,
x0528,2,2,2,1,2,2,2,2,2,2,1,guardianship_vs_elder_abuse,False,
x0529,2,2,1,1,2,2,1,1,1,2,1,guardianship_vs_elder_abuse,False,
x0530,2,2,2,1,2,2,2,2,2,2,1,guardianship_vs_elder_abuse,False,
x0531,2,2,2,2,2,2,2,2,2,2,2,guardianship_vs_elder_abuse,False,
x0532,2,2,2,2,2,2,2,2,2,2,2,guardianship_vs_elder_abuse,False,
x0533,2,2,2,0,2,2,2,2,2,2,1,guardianship_vs_elder_abuse,False,
x0534,2,2,2,1,2,2,2,2,2,2,1,guardianship_vs_elder_abuse,False,
x0535,2,2,2,0,2,2,2,2,2,2,1,guardianship_vs_elder_abuse,False,
x0536,2,2,2,2,2,2,2,2,2,2,1,guardianship_vs_elder_abuse,False,
x0537,2,2,2,0,2,2,2,2,2,2,1,guardianship_vs_elder_abuse,False,
x0538,2,2,2,1,2,2,2,2,2,2,2,guardianship_vs_elder_abuse,False,
x0539,2,2,2,2,2,2,2,2,2,2,1,guardianship_vs_elder_abuse,False,
x0540,2,2,2,0,2,2,2,2,2,2,2,guardianship_vs_elder_abuse,False,
x0541,2,2,2,0,2,2,2,2,2,2,1,ssd_vs_ssi,False,
x0542,2,2,2,0,2,2,2,2,2,2,1,ssd_vs_ssi,False,
x0543,2,2,2,0,2,2,2,2,2,2,1,ssd_vs_ssi,False,
x0544,2,2,2,0,2,2,2,2,2,2,2,ssd_vs_ssi,False,
x0545,2,2,2,0,2,2,2,2,2,2,1,ssd_vs_ssi,False,
x0546,2,2,2,0,2,2,2,2,2,2,2,ssd_vs_ssi,False,
x0547,2,2,2,0,2,1,2,2,2,2,2,ssd_vs_ssi,False,
x0548,2,2,2,0,2,2,2,2,2,2,1,ssd_vs_ssi,False,
x0549,2,2,2,0,2,2,2,2,2,2,1,ssd_vs_ssi,False,
x0550,2,2,1,0,2,2,1,1,1,2,1,ssd_vs_ssi,False,
x0551,2,2,2,0,2,2,2,2,2,2,1,ssd_vs_ssi,False,
x0552,2,2,2,0,2,2,2,2,2,2,1,ssd_vs_ssi,False,
x0553,2,2,2,0,2,2,2,2,2,2,1,ssd_vs_ssi,False,
x0554,2,2,2,0,2,2,2,2,2,2,1,ssd_vs_ssi,False,
x0555,2,2,2,0,2,2,2,2,2,2,2,ssd_vs_ssi,False,
x0556,2,2,2,0,2,2,2,2,0,2,1,ssd_vs_ssi,False,
x0557,2,2,2,0,2,2,2,2,0,2,1,ssd_vs_ssi,False,
x0558,2,2,2,0,2,2,2,2,0,1,1,ssd_vs_ssi,False,
x0559,2,2,2,0,2,2,2,2,0,2,1,ssd_vs_ssi,False,
x0560,2,2,2,0,2,2,2,2,0,2,1,ssd_vs_ssi,False,
x0561,2,2,2,0,2,2,2,2,0,2,1,ssd_vs_ssi,False,
x0562,2,2,2,0,2,2,2,2,0,1,1,ssd_vs_ssi,False,
x0563,2,2,2,0,2,2,2,2,0,2,1,ssd_vs_ssi,False,
x0564,2,2,2,0,2,2,2,2,0,2,1,ssd_vs_ssi,False,
x0565,2,2,2,0,2,2,2,2,0,2,1,ssd_vs_ssi,False,
x0566,2,2,2,0,2,2,2,2,0,2,1,ssd_vs_ssi,False,
x0567,2,2,2,0,2,2,2,2,0,2,1,ssd_vs_ssi,False,
x0568,2,2,2,0,2,2,2,2,0,1,2,ssd_vs_ssi,False,
x0569,2,2,2,0,2,2,2,2,0,2,1,ssd_vs_ssi,False,
x0570,2,2,2,0,2,2,2,2,0,1,1,ssd_vs_ssi,False,
x0571,2,2,2,0,2,2,2,2,2,2,2,copyright_vs_patent,False,
x0572,2,2,2,1,2,2,2,2,1,2,2,copyright_vs_patent,False,
x0573,2,2,2,0,2,2,2,2,0,2,2,copyright_vs_patent,False,
x0574,2,2,2,0,2,2,2,2,2,1,1,copyright_vs_patent,False,
x0575,2,2,2,0,2,2,2,2,2,2,2,copyright_vs_patent,False,
x0576,2,2,2,1,2,2,2,2,1,2,2,copyright_vs_patent,False,
x0577,2,2,2,0,2,2,2,2,0,2,1,copyright_vs_patent,False,
x0578,2,2,2,0,2,2,2,2,2,2,1,copyright_vs_patent,False,
x0579,2,2,2,0,2,2,2,2,2,2,2,copyright_vs_patent,False,
x0580,2,2,2,0,2,2,2,2,1,2,2,copyright_vs_patent,False,
x0581,2,2,2,1,2,2,2,2,0,2,1,copyright_vs_patent,False,
x0582,2,2,2,0,2,2,2,2,2,2,2,copyright_vs_patent,False,
x0583,2,2,2,0,2,2,2,2,2,2,2,copyright_vs_patent,False,
x0584,2,2,2,0,2,2,2,2,2,2,2,copyright_vs_patent,False,
x0585,2,2,2,0,2,2,2,2,1,1,2,copyright_vs_patent,False,
x0586,2,2,2,1,2,2,2,2,0,2,2,copyright_vs_patent,False,
x0587,2,2,2,0,2,2,2,2,2,2,1,copyright_vs_patent,False,
x0588,2,2,2,0,2,2,2,2,2,2,2,copyright_vs_patent,False,
x0589,2,2,2,0,2,2,2,2,2,2,2,copyright_vs_patent,False,
x0590,2,2,2,0,2,2,2,2,2,2,2,copyright_vs_patent,False,
x0591,2,2,2,0,2,2,2,2,2,2,1,copyright_vs_patent,False,
x0592,2,2,2,1,2,2,2,2,2,2,1,copyright_vs_patent,False,
x0593,2,2,2,0,2,2,2,2,2,1,2,copyright_vs_patent,False,
x0594,2,2,2,0,2,2,2,2,1,2,2,copyright_vs_patent,False,
x0595,2,2,2,0,2,2,2,2,2,2,1,copyright_vs_patent,False,
x0596,2,2,2,0,2,2,2,2,2,2,2,copyright_vs_patent,False,
x0597,2,2,2,0,2,2,2,2,1,2,2,copyright_vs_patent,False,
x0598,2,2,2,0,2,2,2,2,2,2,1,copyright_vs_patent,False,
x0599,2,2,2,0,2,2,2,2,2,1,1,copyright_vs_patent,False,
x0600,2,2,2,0,2,2,2,2,2,1,1,copyright_vs_patent,False,
x0601,2,2,0,0,2,2,0,0,0,1,0,contractor_vs_small_claims,False,
x0602,2,2,0,0,2,2,0,0,0,2,0,contractor_vs_small_claims,False,
x0603,2,2,1,0,2,2,0,0,0,2,1,contractor_vs_small_claims,False,
x0604,2,2,1,0,2,0,1,0,0,2,1,contractor_vs_small_claims,False,
x0605,2,2,2,1,2,2,0,0,0,2,1,contractor_vs_small_claims,False,
x0606,2,2,1,0,2,2,1,0,1,2,1,contractor_vs_small_claims,False,
x0607,2,2,2,0,2,2,0,0,0,2,1,contractor_vs_small_claims,False,
x0608,2,2,1,0,1,0,1,1,0,2,1,contractor_vs_small_claims,False,
x0609,2,2,1,0,2,2,0,0,0,2,1,contractor_vs_small_claims,False,
x0610,2,2,1,0,2,2,1,0,0,2,1,contractor_vs_small_claims,False,
x0611,2,2,1,0,2,2,1,0,0,2,1,contractor_vs_small_claims,False,
x0612,2,2,0,0,1,0,0,0,0,2,0,contractor_vs_small_claims,False,
x0613,2,2,0,0,2,2,0,0,0,1,0,contractor_vs_small_claims,False,
x0614,2,2,1,0,2,2,1,0,1,2,1,contractor_vs_small_claims,False,
x0615,2,2,0,0,2,2,0,0,0,2,0,contractor_vs_small_claims,False,
x0616,2,2,2,0,2,1,2,2,2,1,1,contractor_vs_small_claims,False,
x0617,2,2,1,0,2,0,1,1,1,2,1,contractor_vs_small_claims,False,
x0618,2,2,2,0,2,0,2,2,2,2,1,contractor_vs_small_claims,False,
x0619,2,2,0,0,2,0,0,0,0,2,0,contractor_vs_small_claims,False,
x0620,2,2,2,0,2,1,2,1,2,2,2,contractor_vs_small_claims,False,
x0621,2,2,0,0,1,0,0,0,0,2,0,contractor_vs_small_claims,False,
x0622,2,2,2,0,2,0,2,2,2,2,1,contractor_vs_small_claims,False,
x0623,2,2,0,0,2,0,0,0,0,2,0,contractor_vs_small_claims,False,
x0624,2,2,1,0,2,2,1,1,1,2,1,contractor_vs_small_claims,False,
x0625,2,2,1,0,2,0,1,1,1,2,1,contractor_vs_small_claims,False,
x0626,2,2,2,0,2,0,2,2,2,2,1,contractor_vs_small_claims,False,
x0627,2,2,1,0,2,1,1,1,1,2,1,contractor_vs_small_claims,False,
x0628,2,2,2,0,2,0,2,1,2,2,2,contractor_vs_small_claims,False,
x0629,2,2,0,0,2,0,0,0,0,2,0,contractor_vs_small_claims,False,
x0630,2,2,2,0,2,0,2,2,2,2,1,contractor_vs_small_claims,False,
x0631,2,2,0,0,2,1,0,0,0,2,0,license_vs_employment_discrimination,False,employment_admin_ignores_hearing_signals
x0632,2,2,2,0,2,1,1,0,0,2,2,license_vs_employment_discrimination,False,employment_admin_ignores_hearing_signals
x0633,2,2,2,0,2,0,2,2,0,2,2,license_vs_employment_discrimination,False,employment_admin_ignores_hearing_signals
x0634,2,2,1,0,2,0,1,1,0,2,1,license_vs_employment_discrimination,False,employment_admin_ignores_hearing_signals
x0635,2,2,0,0,2,2,0,0,0,2,0,license_vs_employment_discrimination,False,employment_admin_ignores_hearing_signals
x0636,2,2,2,0,2,2,2,1,0,2,2,license_vs_employment_discrimination,False,employment_admin_ignores_hearing_signals
x0637,2,2,2,0,2,0,2,2,0,2,2,license_vs_employment_discrimination,False,employment_admin_ignores_hearing_signals
x0638,2,2,2,0,1,1,2,0,0,2,1,license_vs_employment_discrimination,False,employment_admin_ignores_hearing_signals
x0639,2,2,0,0,2,0,0,0,0,2,0,license_vs_employment_discrimination,False,employment_admin_ignores_hearing_signals
x0640,2,2,2,0,2,2,2,0,0,2,1,license_vs_employment_discrimination,False,employment_admin_ignores_hearing_signals
x0641,2,2,2,0,2,0,2,2,0,2,2,license_vs_employment_discrimination,False,employment_admin_ignores_hearing_signals
x0642,2,2,2,0,2,0,2,2,0,2,2,license_vs_employment_discrimination,False,employment_admin_ignores_hearing_signals
x0643,2,2,0,0,2,1,0,0,0,2,0,license_vs_employment_discrimination,False,employment_admin_ignores_hearing_signals
x0644,2,2,2,0,2,2,2,0,0,2,2,license_vs_employment_discrimination,False,employment_admin_ignores_hearing_signals
x0645,2,2,2,1,2,0,2,2,0,2,2,license_vs_employment_discrimination,False,employment_admin_ignores_hearing_signals
x0646,2,2,0,0,2,2,0,0,0,2,0,license_vs_employment_discrimination,False,employment_admin_ignores_hearing_signals
x0647,2,2,2,0,2,2,2,0,2,2,2,license_vs_employment_discrimination,False,employment_admin_ignores_hearing_signals
x0648,2,2,0,0,2,2,0,0,0,2,0,license_vs_employment_discrimination,False,employment_admin_ignores_hearing_signals
x0649,2,2,2,2,2,2,1,0,1,2,2,license_vs_employment_discrimination,False,employment_admin_ignores_hearing_signals
x0650,2,2,1,0,2,2,0,0,0,2,1,license_vs_employment_discrimination,False,employment_admin_ignores_hearing_signals
x0651,2,2,2,0,2,2,1,0,1,2,2,license_vs_employment_discrimination,False,employment_admin_ignores_hearing_signals
x0652,2,2,0,0,2,2,0,0,0,2,0,license_vs_employment_discrimination,False,employment_admin_ignores_hearing_signals
x0653,2,2,2,0,2,1,0,0,0,2,2,license_vs_employment_discrimination,False,employment_admin_ignores_hearing_signals
x0654,2,2,0,0,2,2,0,0,0,2,0,license_vs_employment_discrimination,False,employment_admin_ignores_hearing_signals
x0655,2,2,2,0,2,2,2,0,2,2,1,license_vs_employment_discrimination,False,employment_admin_ignores_hearing_signals
x0656,2,2,0,0,2,2,0,0,0,2,0,license_vs_employment_discrimination,False,employment_admin_ignores_hearing_signals
x0657,2,2,1,1,2,2,0,0,0,2,1,license_vs_employment_discrimination,False,employment_admin_ignores_hearing_signals
x0658,2,2,1,0,2,2,0,0,0,2,1,license_vs_employment_discrimination,False,employment_admin_ignores_hearing_signals
x0659,2,2,2,0,2,2,2,0,2,2,1,license_vs_employment_discrimination,False,employment_admin_ignores_hearing_signals
x0660,2,2,0,0,2,2,0,0,0,2,0,license_vs_employment_discrimination,False,employment_admin_ignores_hearing_signals
x0661,2,2,0,1,0,0,0,0,0,2,0,mold_vs_tenant,False,
x0662,2,2,2,0,1,0,2,2,2,2,1,mold_vs_tenant,False,
x0663,2,2,1,0,0,0,1,1,1,2,1,mold_vs_tenant,False,
x0664,2,2,2,0,2,2,2,2,2,2,2,mold_vs_tenant,False,
x0665,2,2,0,2,0,0,0,0,0,2,0,mold_vs_tenant,False,
x0666,2,2,2,0,2,0,2,2,2,2,1,mold_vs_tenant,False,
x0667,2,2,1,0,0,0,0,0,0,2,1,mold_vs_tenant,False,
x0668,2,2,2,0,2,1,2,2,2,2,2,mold_vs_tenant,False,
x0669,2,2,0,2,0,0,0,0,0,2,0,mold_vs_tenant,False,
x0670,2,2,1,0,2,0,1,1,1,2,1,mold_vs_tenant,False,
x0671,2,2,0,0,0,0,0,0,0,2,0,mold_vs_tenant,False,
x0672,2,2,2,1,2,2,2,2,2,2,1,mold_vs_tenant,False,
x0673,2,2,0,0,0,0,0,0,0,1,0,mold_vs_tenant,False,
x0674,2,2,2,0,2,0,2,2,2,2,1,mold_vs_tenant,False,
x0675,2,2,0,2,2,2,0,0,0,2,0,mold_vs_tenant,False,
x0676,2,2,0,0,2,2,0,0,0,2,0,mold_vs_tenant,False,
x0677,2,2,0,0,2,2,0,0,0,2,0,mold_vs_tenant,False,
x0678,2,2,0,0,2,2,0,0,0,2,0,mold_vs_tenant,False,
x0679,2,2,0,2,2,2,0,0,0,2,0,mold_vs_tenant,False,
x0680,2,2,0,0,2,2,0,0,0,2,0,mold_vs_tenant,False,
x0681,2,2,1,0,2,2,0,0,0,2,1,mold_vs_tenant,False,
x0682,2,2,0,0,2,2,0,0,0,2,0,mold_vs_tenant,False,
x0683,2,2,0,2,2,2,0,0,0,2,0,mold_vs_tenant,False,
x0684,2,2,1,0,2,2,0,0,0,2,1,mold_vs_tenant,False,
x0685,2,2,0,0,2,2,0,0,0,2,0,mold_vs_tenant,False,
x0686,2,2,0,0,2,2,0,0,0,1,0,mold_vs_tenant,False,
x0687,2,2,0,2,2,2,0,0,0,2,0,mold_vs_tenant,False,
x0688,2,2,0,0,2,2,0,0,0,2,0,mold_vs_tenant,False,
x0689,2,2,2,0,2,2,2,2,0,2,2,defamation_vs_online_harassment,False,
x0690,2,2,2,0,2,2,2,2,0,2,1,defamation_vs_online_harassment,False,
x0691,2,2,2,0,2,2,2,2,0,2,1,defamation_vs_online_harassment,False,
x0692,2,2,2,0,2,2,2,2,0,1,2,defamation_vs_online_harassment,False,
x0693,2,2,2,0,2,2,2,2,0,2,2,defamation_vs_online_harassment,False,
x0694,2,2,2,1,2,2,2,2,0,2,1,defamation_vs_online_harassment,False,
x0695,2,2,1,0,2,2,1,1,0,2,1,defamation_vs_online_harassment,False,
x0696,2,2,2,1,2,2,2,2,0,2,2,defamation_vs_online_harassment,False,
x0697,2,2,2,0,2,2,2,2,0,2,1,defamation_vs_online_harassment,False,
x0698,2,2,2,0,2,2,2,2,0,2,1,defamation_vs_online_harassment,False,
x0699,2,2,2,1,2,2,2,2,0,2,1,defamation_vs_online_harassment,False,
x0700,2,2,2,1,2,2,2,2,0,2,1,defamation_vs_online_harassment,False,
x0701,2,2,2,0,2,2,2,2,0,2,2,defamation_vs_online_harassment,False,
x0702,2,2,2,0,2,2,2,2,0,2,1,defamation_vs_online_harassment,False,
x0703,2,2,0,1,2,2,0,0,0,2,0,defamation_vs_online_harassment,False,
x0704,2,2,2,0,2,2,2,2,2,2,2,defamation_vs_online_harassment,False,
x0705,2,2,1,0,2,2,1,1,0,2,1,defamation_vs_online_harassment,False,
x0706,2,2,2,1,2,2,2,2,2,2,1,defamation_vs_online_harassment,False,
x0707,2,2,2,2,2,2,2,2,2,2,2,defamation_vs_online_harassment,False,
x0708,2,2,2,1,2,2,2,2,2,2,2,defamation_vs_online_harassment,False,
x0709,2,2,1,2,2,2,1,1,0,2,1,defamation_vs_online_harassment,False,
x0710,2,2,2,1,2,2,2,2,1,2,2,defamation_vs_online_harassment,False,
x0711,2,2,2,1,2,2,2,2,1,2,2,defamation_vs_online_harassment,False,
x0712,2,2,2,0,2,2,2,2,2,2,1,defamation_vs_online_harassment,False,
x0713,2,2,1,0,2,2,1,1,0,2,1,defamation_vs_online_harassment,False,
x0714,2,2,2,1,2,2,2,2,1,2,2,defamation_vs_online_harassment,False,
x0715,2,2,2,0,2,2,2,2,2,2,2,defamation_vs_online_harassment,False,
x0716,2,2,2,1,2,2,2,2,2,2,2,defamation_vs_online_harassment,False,
x0717,2,2,2,0,2,2,0,0,0,1,2,veterans_benefits_vs_va_loan,False,
x0718,2,2,2,0,2,2,1,0,0,2,2,veterans_benefits_vs_va_loan,False,
x0719,2,2,2,0,2,2,0,0,0,2,1,veterans_benefits_vs_va_loan,False,
x0720,2,2,0,0,2,2,0,0,0,2,0,veterans_benefits_vs_va_loan,False,
x0721,2,2,2,0,2,2,0,0,0,2,2,veterans_benefits_vs_va_loan,False,
x0722,2,2,2,0,2,2,0,0,0,2,1,veterans_benefits_vs_va_loan,False,
x0723,2,2,0,0,2,2,0,0,0,1,0,veterans_benefits_vs_va_loan,False,
x0724,2,2,1,0,2,2,0,0,0,2,1,veterans_benefits_vs_va_loan,False,
x0725,2,2,2,0,2,2,0,0,0,2,1,veterans_benefits_vs_va_loan,False,
x0726,2,2,2,0,2,2,1,0,0,2,2,veterans_benefits_vs_va_loan,False,
x0727,2,2,2,0,2,2,0,0,0,2,1,veterans_benefits_vs_va_loan,False,
x0728,2,2,0,0,2,2,0,0,0,1,0,veterans_benefits_vs_va_loan,False,
x0729,2,2,2,0,2,2,0,0,0,2,2,veterans_benefits_vs_va_loan,False,
x0730,2,2,1,0,2,2,0,0,0,2,1,veterans_benefits_vs_va_loan,False,
x0731,2,2,0,0,2,2,0,0,0,2,0,veterans_benefits_vs_va_loan,False,
x0732,2,2,0,0,2,2,0,0,0,2,0,veterans_benefits_vs_va_loan,False,
x0733,2,2,2,0,2,0,2,2,2,2,1,veterans_benefits_vs_va_loan,False,
x0734,2,2,1,0,2,2,0,0,0,2,1,veterans_benefits_vs_va_loan,False,
x0735,2,2,0,0,2,2,0,0,0,2,0,veterans_benefits_vs_va_loan,False,
x0736,2,2,0,0,2,2,0,0,0,2,0,veterans_benefits_vs_va_loan,False,
x0737,2,2,2,0,2,0,2,2,2,2,1,veterans_benefits_vs_va_loan,False,
x0738,2,2,2,0,2,2,2,1,2,2,2,veterans_benefits_vs_va_loan,False,
x0739,2,2,0,0,2,2,0,0,0,2,0,veterans_benefits_vs_va_loan,False,
x0740,2,2,0,0,2,2,0,0,0,2,0,veterans_benefits_vs_va_loan,False,
x0741,2,2,2,0,2,0,2,2,2,2,2,veterans_benefits_vs_va_loan,False,
x0742,2,2,2,0,2,1,2,0,2,2,2,veterans_benefits_vs_va_loan,False,
x0743,2,2,0,0,2,2,0,0,0,2,0,veterans_benefits_vs_va_loan,False,
x0744,2,2,0,0,2,2,0,0,0,2,0,veterans_benefits_vs_va_loan,False,
x0745,2,2,2,0,2,0,2,2,1,2,2,medicaid_vs_guardianship,False,
x0746,2,2,2,0,0,0,2,2,2,2,2,medicaid_vs_guardianship,False,
x0747,2,2,0,0,1,1,0,0,0,2,0,medicaid_vs_guardianship,False,
x0748,2,2,2,0,1,0,2,2,2,2,2,medicaid_vs_guardianship,False,
x0749,2,2,2,0,1,0,2,2,2,2,1,medicaid_vs_guardianship,False,
x0750,2,2,2,0,0,0,2,2,2,2,2,medicaid_vs_guardianship,False,
x0751,2,2,2,0,2,0,2,2,2,2,2,medicaid_vs_guardianship,False,
x0752,2,2,2,0,0,0,2,2,0,2,2,medicaid_vs_guardianship,False,
x0753,2,2,2,0,1,0,2,2,0,2,2,medicaid_vs_guardianship,False,
x0754,2,2,2,0,2,0,2,2,2,2,2,medicaid_vs_guardianship,False,
x0755,2,2,2,0,2,0,2,2,0,2,2,medicaid_vs_guardianship,False,
x0756,2,2,1,0,2,0,1,1,1,2,1,medicaid_vs_guardianship,False,
x0757,2,2,2,0,1,0,2,2,2,2,2,medicaid_vs_guardianship,False,
x0758,2,2,2,0,1,0,2,1,2,2,2,medicaid_vs_guardianship,False,
x0759,2,2,1,0,2,2,0,0,0,2,1,medicaid_vs_guardianship,False,
x0760,2,2,2,0,2,2,0,0,0,2,2,medicaid_vs_guardianship,False,
x0761,2,2,1,0,2,2,0,0,0,2,1,medicaid_vs_guardianship,False,
x0762,2,2,0,1,2,2,0,0,0,2,0,medicaid_vs_guardianship,False,
x0763,2,2,1,0,2,2,0,0,0,2,1,medicaid_vs_guardianship,False,
x0764,2,2,1,0,2,2,0,0,0,2,1,medicaid_vs_guardianship,False,
x0765,2,2,2,0,2,2,0,0,0,2,2,medicaid_vs_guardianship,False,
x0766,2,2,0,1,2,2,0,0,0,2,0,medicaid_vs_guardianship,False,
x0767,2,2,0,0,2,2,0,0,0,2,0,medicaid_vs_guardianship,False,
x0768,2,2,0,1,2,2,0,0,0,2,0,medicaid_vs_guardianship,False,
x0769,2,2,2,0,2,2,0,0,0,2,1,medicaid_vs_guardianship,False,
x0770,2,2,0,0,2,2,0,0,0,2,0,medicaid_vs_guardianship,False,
x0771,2,2,2,0,2,2,0,0,0,2,1,medicaid_vs_guardianship,False,
x0772,2,2,0,1,2,2,0,0,0,2,0,medicaid_vs_guardianship,False,
x0773,2,2,2,0,2,0,0,0,0,2,1,business_bankruptcy_vs_dissolution,False,bankruptcy_collections_role_confusion
x0774,2,2,1,0,0,0,0,0,0,2,1,business_bankruptcy_vs_dissolution,False,bankruptcy_collections_role_confusion
x0775,2,2,2,1,2,0,0,0,0,2,1,business_bankruptcy_vs_dissolution,False,bankruptcy_collections_role_confusion
x0776,2,2,1,0,2,2,0,0,0,2,1,business_bankruptcy_vs_dissolution,False,bankruptcy_collections_role_confusion
x0777,2,2,2,0,2,2,0,0,0,2,2,business_bankruptcy_vs_dissolution,False,bankruptcy_collections_role_confusion
x0778,2,2,2,0,0,0,0,0,0,2,1,business_bankruptcy_vs_dissolution,False,bankruptcy_collections_role_confusion
x0779,2,2,2,0,2,0,0,0,0,2,2,business_bankruptcy_vs_dissolution,False,bankruptcy_collections_role_confusion
x0780,2,2,0,0,2,2,0,0,0,2,0,business_bankruptcy_vs_dissolution,False,bankruptcy_collections_role_confusion
x0781,2,2,2,0,2,1,0,0,0,2,1,business_bankruptcy_vs_dissolution,False,bankruptcy_collections_role_confusion
x0782,2,2,1,0,0,0,0,0,0,2,1,business_bankruptcy_vs_dissolution,False,bankruptcy_collections_role_confusion
x0783,2,2,1,0,2,0,0,0,0,2,1,business_bankruptcy_vs_dissolution,False,bankruptcy_collections_role_confusion
x0784,2,2,1,0,2,2,0,0,0,2,1,business_bankruptcy_vs_dissolution,False,bankruptcy_collections_role_confusion
x0785,2,2,2,0,2,2,0,0,0,2,2,business_bankruptcy_vs_dissolution,False,bankruptcy_collections_role_confusion
x0786,2,2,2,0,0,0,0,0,0,2,2,business_bankruptcy_vs_dissolution,False,bankruptcy_collections_role_confusion
x0787,2,2,0,1,0,0,0,0,0,2,0,business_bankruptcy_vs_dissolution,False,bankruptcy_collections_role_confusion
x0788,2,2,1,0,0,0,0,0,0,2,1,business_bankruptcy_vs_dissolution,False,bankruptcy_collections_role_confusion
x0789,2,2,1,0,0,0,0,0,0,2,1,business_bankruptcy_vs_dissolution,False,bankruptcy_collections_role_confusion
x0790,2,2,0,0,0,0,0,0,0,2,0,business_bankruptcy_vs_dissolution,False,bankruptcy_collections_role_confusion
x0791,2,2,0,0,0,0,0,0,0,2,0,business_bankruptcy_vs_dissolution,False,bankruptcy_collections_role_confusion
x0792,2,2,1,0,0,0,0,0,0,2,1,business_bankruptcy_vs_dissolution,False,bankruptcy_collections_role_confusion
x0793,2,2,2,0,0,0,0,0,0,2,1,business_bankruptcy_vs_dissolution,False,bankruptcy_collections_role_confusion
x0794,2,2,0,0,0,0,0,0,0,2,0,business_bankruptcy_vs_dissolution,False,bankruptcy_collections_role_confusion
x0795,2,2,0,0,0,0,0,0,0,2,0,business_bankruptcy_vs_dissolution,False,bankruptcy_collections_role_confusion
x0796,2,2,0,0,0,0,0,0,0,2,0,business_bankruptcy_vs_dissolution,False,bankruptcy_collections_role_confusion
x0797,2,2,1,0,0,0,0,0,0,2,1,business_bankruptcy_vs_dissolution,False,bankruptcy_collections_role_confusion
x0798,2,2,0,0,0,0,0,0,0,2,0,business_bankruptcy_vs_dissolution,False,bankruptcy_collections_role_confusion
x0799,2,2,0,0,0,0,0,0,0,2,0,business_bankruptcy_vs_dissolution,False,bankruptcy_collections_role_confusion
x0800,2,2,0,0,0,0,0,0,0,2,0,business_bankruptcy_vs_dissolution,False,bankruptcy_collections_role_confusion
