scenario_id,runs_observed,usable_runs,question_matched_runs,domestic_violence_explicit_probe_runs,expected_category_present_initial_runs,expected_category_is_initial_top_runs,expected_category_present_final_runs,expected_category_is_final_top_runs,final_exact_scorable_matched_runs,expected_exact_label_present_final_runs,distinct_question_sets,distinct_final_label_sets,swap_pair,domestic_violence_hidden_fact,paper_failure_mode
legacy_001,3,3,2,0,0,0,2,2,2,1,2,2,bankruptcy_vs_collections,False,bankruptcy_vs_collections
legacy_002,3,3,3,0,2,0,3,3,3,0,3,3,bankruptcy_vs_collections,False,bankruptcy_vs_collections
legacy_003,3,3,1,0,0,0,1,0,1,0,2,1,bankruptcy_vs_collections,False,bankruptcy_vs_collections
legacy_004,3,3,3,0,0,0,3,3,3,1,3,3,bankruptcy_vs_collections,False,bankruptcy_vs_collections
legacy_005,3,3,2,0,0,0,2,2,2,2,3,2,bankruptcy_vs_collections,False,bankruptcy_vs_collections
legacy_006,3,3,2,0,0,0,2,1,2,2,3,2,bankruptcy_vs_collections,False,bankruptcy_vs_collections
legacy_007,3,3,3,0,0,0,3,3,3,1,3,3,bankruptcy_vs_collections,False,bankruptcy_vs_collections
legacy_008,3,3,3,0,0,0,3,2,3,0,3,2,bankruptcy_vs_collections,False,bankruptcy_vs_collections
legacy_009,3,3,3,0,0,0,3,3,3,2,3,2,bankruptcy_vs_collections,False,bankruptcy_vs_collections
legacy_010,3,3,3,0,0,0,3,3,3,1,3,2,bankruptcy_vs_collections,False,bankruptcy_vs_collections
legacy_011,3,3,0,0,3,3,0,0,0,0,1,0,bankruptcy_vs_collections,False,bankruptcy_vs_collections
legacy_012,3,3,0,0,3,3,0,0,0,0,1,0,bankruptcy_vs_collections,False,bankruptcy_vs_collections
legacy_013,3,3,0,0,3,3,0,0,0,0,1,0,bankruptcy_vs_collections,False,bankruptcy_vs_collections
legacy_014,3,3,0,0,3,3,0,0,0,0,1,0,bankruptcy_vs_collections,False,bankruptcy_vs_collections
legacy_015,3,3,0,0,3,3,0,0,0,0,1,0,bankruptcy_vs_collections,False,bankruptcy_vs_collections
legacy_016,3,3,0,0,3,3,0,0,0,0,1,0,bankruptcy_vs_collections,False,bankruptcy_vs_collections
legacy_017,3,3,0,0,3,3,0,0,0,0,1,0,bankruptcy_vs_collections,False,bankruptcy_vs_collections
legacy_018,3,3,0,0,3,3,0,0,0,0,3,0,bankruptcy_vs_collections,False,bankruptcy_vs_collections
legacy_019,3,3,0,0,3,3,0,0,0,0,1,0,bankruptcy_vs_collections,False,bankruptcy_vs_collections
legacy_020,3,3,0,0,3,3,0,0,0,0,1,0,bankruptcy_vs_collections,False,bankruptcy_vs_collections
legacy_021,3,3,3,1,0,0,3,0,3,3,3,1,criminal_vs_restraining,False,criminal_vs_restraining
legacy_022,3,3,3,1,0,0,3,0,3,3,3,2,criminal_vs_restraining,False,criminal_vs_restraining
legacy_023,3,3,3,2,0,0,3,1,3,0,3,3,criminal_vs_restraining,False,criminal_vs_restraining
legacy_024,3,3,3,3,0,0,3,3,3,1,3,2,criminal_vs_restraining,False,criminal_vs_restraining
legacy_025,3,3,3,2,0,0,2,0,3,2,3,2,criminal_vs_restraining,False,criminal_vs_restraining
legacy_026,3,3,3,3,0,0,0,0,3,0,3,3,criminal_vs_restraining,False,criminal_vs_restraining
legacy_027,3,3,3,1,0,0,2,0,3,2,3,2,criminal_vs_restraining,False,criminal_vs_restraining
legacy_028,3,3,3,1,0,0,2,0,3,2,3,2,criminal_vs_restraining,False,criminal_vs_restraining
legacy_029,3,3,3,3,0,0,0,0,3,0,3,3,criminal_vs_restraining,False,criminal_vs_restraining
legacy_030,3,3,3,2,0,0,3,0,3,3,3,1,criminal_vs_restraining,False,criminal_vs_restraining
legacy_031,3,3,0,0,3,0,0,0,0,0,2,0,criminal_vs_restraining,False,criminal_vs_restraining
legacy_032,3,3,2,1,0,0,0,0,2,0,3,2,criminal_vs_restraining,False,criminal_vs_restraining
legacy_033,3,3,2,2,0,0,0,0,2,0,3,1,criminal_vs_restraining,False,criminal_vs_restraining
legacy_034,3,3,0,0,0,0,0,0,0,0,3,0,criminal_vs_restraining,False,criminal_vs_restraining
legacy_035,3,3,1,2,0,0,0,0,1,0,3,1,criminal_vs_restraining,False,criminal_vs_restraining
legacy_036,3,3,3,1,1,0,0,0,3,0,3,2,criminal_vs_restraining,False,criminal_vs_restraining
legacy_037,3,3,1,1,3,2,0,0,1,0,2,1,criminal_vs_restraining,False,criminal_vs_restraining
legacy_038,3,3,1,1,0,0,0,0,1,0,3,1,criminal_vs_restraining,False,criminal_vs_restraining
legacy_039,3,3,3,0,3,0,0,0,3,0,2,2,criminal_vs_restraining,False,criminal_vs_restraining
legacy_040,3,3,1,1,2,0,0,0,1,0,3,1,criminal_vs_restraining,False,criminal_vs_restraining
legacy_041,3,3,3,0,3,3,3,3,3,0,3,1,custody_vs_support,False,
legacy_042,3,3,3,1,3,3,3,3,3,1,3,2,custody_vs_support,False,
legacy_043,3,3,3,0,3,3,3,3,3,1,2,2,custody_vs_support,False,
legacy_044,3,3,1,1,3,3,1,1,1,0,3,1,custody_vs_support,False,
legacy_045,3,3,3,0,3,3,3,3,3,1,3,2,custody_vs_support,False,
legacy_046,3,3,3,0,3,3,3,3,3,3,3,1,custody_vs_support,False,
legacy_047,3,3,3,0,3,3,3,3,3,3,3,1,custody_vs_support,False,
legacy_048,3,3,3,2,3,3,3,3,3,1,3,2,custody_vs_support,False,
legacy_049,3,3,3,3,3,3,3,3,3,0,3,3,custody_vs_support,False,
legacy_050,3,3,3,0,3,3,3,3,3,0,3,2,custody_vs_support,False,
legacy_051,3,3,3,0,3,3,3,3,3,3,3,1,custody_vs_support,False,
legacy_052,3,3,2,0,3,3,2,2,2,2,3,2,custody_vs_support,False,
legacy_053,3,3,3,0,3,3,3,3,3,3,3,2,custody_vs_support,False,
legacy_054,3,3,3,0,3,3,3,3,3,3,3,1,custody_vs_support,False,
legacy_055,3,3,3,1,3,3,3,3,3,3,3,2,custody_vs_support,False,
legacy_056,3,3,3,0,3,3,3,3,3,3,3,1,custody_vs_support,False,
legacy_057,3,3,3,0,3,3,3,3,3,3,3,1,custody_vs_support,False,
legacy_058,3,3,2,0,3,3,2,2,2,2,3,1,custody_vs_support,False,
legacy_059,3,3,3,1,3,3,3,3,3,3,3,2,custody_vs_support,False,
legacy_060,3,3,3,1,3,3,3,3,3,3,3,1,custody_vs_support,False,
legacy_061,3,3,3,0,2,0,3,3,3,3,3,1,debtor_vs_creditor,False,
legacy_062,3,3,3,0,0,0,3,3,3,3,3,2,debtor_vs_creditor,False,
legacy_063,3,3,3,0,3,0,3,1,3,2,3,3,debtor_vs_creditor,False,
legacy_064,3,3,3,0,3,2,3,1,3,0,3,3,debtor_vs_creditor,False,
legacy_065,3,3,3,0,3,1,3,2,3,3,3,2,debtor_vs_creditor,False,
legacy_066,3,3,3,0,3,1,1,0,3,1,3,3,debtor_vs_creditor,False,
legacy_067,3,3,3,0,3,2,2,2,3,2,3,2,debtor_vs_creditor,False,
legacy_068,3,3,3,0,3,3,1,0,3,1,3,2,debtor_vs_creditor,False,
legacy_069,3,3,3,0,3,3,2,0,3,2,3,3,debtor_vs_creditor,False,
legacy_070,3,3,3,0,3,3,2,0,3,0,3,3,debtor_vs_creditor,False,
legacy_071,3,3,0,0,0,0,0,0,0,0,3,0,debtor_vs_creditor,False,
legacy_072,3,3,0,0,1,0,0,0,0,0,2,0,debtor_vs_creditor,False,
legacy_073,3,3,0,0,1,0,0,0,0,0,3,0,debtor_vs_creditor,False,
legacy_074,3,3,0,0,3,3,0,0,0,0,2,0,debtor_vs_creditor,False,
legacy_075,3,3,1,0,0,0,1,1,1,0,3,1,debtor_vs_creditor,False,
legacy_076,3,3,0,0,3,2,0,0,0,0,3,0,debtor_vs_creditor,False,
legacy_077,3,3,0,0,3,2,0,0,0,0,3,0,debtor_vs_creditor,False,
legacy_078,3,3,0,0,3,3,0,0,0,0,3,0,debtor_vs_creditor,False,
legacy_079,3,3,0,0,0,0,0,0,0,0,3,0,debtor_vs_creditor,False,
legacy_080,3,3,0,0,3,1,0,0,0,0,3,0,debtor_vs_creditor,False,
legacy_081,3,3,2,2,3,3,2,2,2,0,3,1,domestic_violence,True,domestic_violence
legacy_082,3,3,0,0,3,3,0,0,0,0,2,0,domestic_violence,True,domestic_violence
legacy_083,3,3,0,0,3,3,0,0,0,0,3,0,domestic_violence,True,domestic_violence
legacy_084,3,3,1,1,3,3,1,1,1,0,2,1,domestic_violence,True,domestic_violence
legacy_085,3,3,2,2,3,3,2,2,2,0,3,1,domestic_violence,True,domestic_violence
legacy_086,3,3,0,0,3,3,0,0,0,0,3,0,domestic_violence,True,domestic_violence
legacy_087,3,3,1,1,3,3,1,1,1,0,2,1,domestic_violence,True,domestic_violence
legacy_088,3,3,0,0,3,3,0,0,0,0,2,0,domestic_violence,True,domestic_violence
legacy_089,3,3,0,3,3,3,0,0,0,0,3,0,domestic_violence,True,domestic_violence
legacy_090,3,3,0,0,3,3,0,0,0,0,1,0,domestic_violence,True,domestic_violence
legacy_091,3,3,3,3,3,3,3,3,3,3,3,1,domestic_violence,False,domestic_violence
legacy_092,3,3,1,1,3,3,1,1,1,1,3,1,domestic_violence,False,domestic_violence
legacy_093,3,3,3,2,3,3,3,3,3,3,3,2,domestic_violence,False,domestic_violence
legacy_094,3,3,1,1,3,3,1,1,1,1,2,1,domestic_violence,False,domestic_violence
legacy_095,3,3,0,0,3,3,0,0,0,0,2,0,domestic_violence,False,domestic_violence
legacy_096,3,3,3,2,3,3,3,3,3,0,3,3,domestic_violence,False,domestic_violence
legacy_097,3,3,3,3,3,3,3,3,3,3,3,2,domestic_violence,False,domestic_violence
legacy_098,3,3,2,0,3,3,2,2,2,2,3,1,domestic_violence,False,domestic_violence
legacy_099,3,3,0,0,3,3,0,0,0,0,2,0,domestic_violence,False,domestic_violence
legacy_100,3,3,2,2,3,3,2,2,2,2,3,1,domestic_violence,False,domestic_violence
legacy_101,3,3,3,0,3,0,3,3,3,3,2,1,dui_vs_dmv,False,
legacy_102,3,3,3,0,3,0,3,3,3,3,3,1,dui_vs_dmv,False,
legacy_103,3,3,3,0,3,0,3,3,3,3,2,2,dui_vs_dmv,False,
legacy_104,3,3,3,0,3,0,3,3,3,3,2,1,dui_vs_dmv,False,
legacy_105,3,3,3,0,2,0,3,3,3,3,3,1,dui_vs_dmv,False,
legacy_106,3,3,3,0,3,0,3,3,3,3,3,2,dui_vs_dmv,False,
legacy_107,3,3,3,0,3,0,3,3,3,3,3,1,dui_vs_dmv,False,
legacy_108,3,3,3,0,3,1,3,2,3,3,3,3,dui_vs_dmv,False,
legacy_109,3,3,3,0,3,1,3,3,3,3,2,1,dui_vs_dmv,False,
legacy_110,3,3,3,0,3,2,3,1,3,3,3,3,dui_vs_dmv,False,
legacy_111,3,3,3,0,3,3,3,0,3,0,1,1,dui_vs_dmv,False,
legacy_112,3,3,3,0,3,3,2,0,3,0,3,2,dui_vs_dmv,False,
legacy_113,3,3,3,0,3,3,3,0,3,0,3,1,dui_vs_dmv,False,
legacy_114,3,3,3,0,3,3,3,0,3,0,3,1,dui_vs_dmv,False,
legacy_115,3,3,3,0,3,3,3,0,3,0,3,1,dui_vs_dmv,False,
legacy_116,3,3,3,0,3,3,2,0,3,0,3,2,dui_vs_dmv,False,
legacy_117,3,3,3,0,3,3,3,1,3,0,3,2,dui_vs_dmv,False,
legacy_118,3,3,3,0,3,3,1,0,3,0,3,2,dui_vs_dmv,False,
legacy_119,3,3,3,0,3,3,3,0,3,0,2,1,dui_vs_dmv,False,
legacy_120,3,3,3,0,3,3,2,0,3,0,3,2,dui_vs_dmv,False,
legacy_121,3,3,3,0,3,3,0,0,3,0,3,3,employee_vs_employer,False,
legacy_122,3,3,3,1,3,3,0,0,3,0,3,3,employee_vs_employer,False,
legacy_123,3,3,2,0,3,3,0,0,2,0,3,2,employee_vs_employer,False,
legacy_124,3,3,3,0,0,0,3,1,3,3,3,2,employee_vs_employer,False,
legacy_125,3,3,3,0,3,3,0,0,3,0,3,2,employee_vs_employer,False,
legacy_126,3,3,3,1,0,0,3,1,3,1,3,3,employee_vs_employer,False,
legacy_127,3,3,3,0,3,3,0,0,3,0,3,2,employee_vs_employer,False,
legacy_128,3,3,3,0,3,3,2,0,3,2,3,3,employee_vs_employer,False,
legacy_129,3,3,3,0,3,3,0,0,3,0,3,2,employee_vs_employer,False,
legacy_130,3,3,3,0,3,0,3,3,3,3,3,3,employee_vs_employer,False,
legacy_131,3,3,3,0,1,0,3,3,0,0,3,2,employee_vs_employer,False,
legacy_132,3,3,3,0,1,0,3,3,0,0,3,2,employee_vs_employer,False,
legacy_133,3,3,3,0,0,0,3,3,0,0,3,3,employee_vs_employer,False,
legacy_134,3,3,3,0,1,0,3,3,0,0,3,3,employee_vs_employer,False,
legacy_135,3,3,3,0,3,0,3,3,0,0,3,2,employee_vs_employer,False,
legacy_136,3,3,3,0,0,0,3,3,0,0,3,2,employee_vs_employer,False,
legacy_137,3,3,2,1,3,3,0,0,0,0,3,2,employee_vs_employer,False,
legacy_138,3,3,2,0,0,0,2,2,0,0,3,2,employee_vs_employer,False,
legacy_139,3,3,3,0,3,2,3,1,0,0,3,2,employee_vs_employer,False,
legacy_140,3,3,3,0,0,0,3,3,0,0,3,2,employee_vs_employer,False,
legacy_141,3,3,0,0,3,3,0,0,0,0,3,0,employment_admin,False,employment_admin
legacy_142,3,3,0,0,3,3,0,0,0,0,3,0,employment_admin,False,employment_admin
legacy_143,3,3,1,0,3,3,0,0,1,0,2,1,employment_admin,False,employment_admin
legacy_144,3,3,0,0,3,3,0,0,0,0,3,0,employment_admin,False,employment_admin
legacy_145,3,3,0,0,3,3,0,0,0,0,3,0,employment_admin,False,employment_admin
legacy_146,3,3,0,0,3,3,0,0,0,0,3,0,employment_admin,False,employment_admin
legacy_147,3,3,0,0,3,3,0,0,0,0,3,0,employment_admin,False,employment_admin
legacy_148,3,3,2,0,3,3,0,0,2,0,3,1,employment_admin,False,employment_admin
legacy_149,3,3,0,0,3,3,0,0,0,0,3,0,employment_admin,False,employment_admin
legacy_150,3,3,1,0,3,3,0,0,1,0,3,1,employment_admin,False,employment_admin
legacy_151,3,3,0,0,0,0,0,0,0,0,3,0,employment_admin,False,employment_admin
legacy_152,3,3,0,0,0,0,0,0,0,0,3,0,employment_admin,False,employment_admin
legacy_153,3,3,0,0,0,0,0,0,0,0,3,0,employment_admin,False,employment_admin
legacy_154,3,3,1,0,0,0,1,1,0,0,3,1,employment_admin,False,employment_admin
legacy_155,3,3,1,0,0,0,1,1,0,0,3,1,employment_admin,False,employment_admin
legacy_156,3,3,2,0,0,0,2,2,0,0,3,1,employment_admin,False,employment_admin
legacy_157,3,3,0,0,0,0,0,0,0,0,3,0,employment_admin,False,employment_admin
legacy_158,3,3,0,0,0,0,0,0,0,0,3,0,employment_admin,False,employment_admin
legacy_159,3,3,0,0,0,0,0,0,0,0,3,0,employment_admin,False,employment_admin
legacy_160,3,3,0,0,0,0,0,0,0,0,3,0,employment_admin,False,employment_admin
legacy_161,3,3,3,3,3,1,2,1,3,2,2,3,injury_location,False,injury_location
legacy_162,3,3,3,0,3,3,1,0,3,1,3,2,injury_location,False,injury_location
legacy_163,3,3,3,2,3,3,1,0,3,1,3,3,injury_location,False,injury_location
legacy_164,3,3,3,3,3,3,3,1,3,3,3,3,injury_location,False,injury_location
legacy_165,3,3,0,0,0,0,0,0,0,0,1,0,injury_location,False,injury_location
legacy_166,3,3,3,0,3,3,2,0,3,2,3,3,injury_location,False,injury_location
legacy_167,3,3,3,0,3,3,0,0,3,0,1,2,injury_location,False,injury_location
legacy_168,3,3,3,0,3,3,0,0,3,0,3,2,injury_location,False,injury_location
legacy_169,3,3,3,0,3,3,1,0,3,1,3,3,injury_location,False,injury_location
legacy_170,3,3,3,0,3,3,2,0,3,2,2,2,injury_location,False,injury_location
legacy_171,3,3,3,0,3,3,0,0,3,0,2,1,injury_location,False,injury_location
legacy_172,3,3,1,1,3,3,0,0,1,0,3,1,injury_location,False,injury_location
legacy_173,3,3,3,0,3,3,0,0,3,0,3,3,injury_location,False,injury_location
legacy_174,3,3,0,0,3,3,0,0,0,0,1,0,injury_location,False,injury_location
legacy_175,3,3,2,0,3,3,0,0,2,0,3,1,injury_location,False,injury_location
legacy_176,3,3,0,0,3,3,0,0,0,0,3,0,injury_location,False,injury_location
legacy_177,3,3,3,0,3,3,0,0,3,0,3,1,injury_location,False,injury_location
legacy_178,3,3,0,1,3,3,0,0,0,0,3,0,injury_location,False,injury_location
legacy_179,3,3,1,0,3,3,0,0,1,0,3,1,injury_location,False,injury_location
legacy_180,3,3,2,0,3,3,0,0,2,0,3,1,injury_location,False,injury_location
legacy_181,3,3,3,0,3,3,3,3,3,3,3,1,tenant_vs_landlord,False,
legacy_182,3,3,3,0,3,3,3,3,3,3,3,1,tenant_vs_landlord,False,
legacy_183,3,3,3,0,2,0,2,0,3,0,3,2,tenant_vs_landlord,False,
legacy_184,3,3,0,0,3,3,0,0,0,0,1,0,tenant_vs_landlord,False,
legacy_185,3,3,3,0,3,3,3,3,3,2,3,2,tenant_vs_landlord,False,
legacy_186,3,3,3,0,3,3,3,3,3,3,3,3,tenant_vs_landlord,False,
legacy_187,3,3,1,0,3,3,1,1,1,1,2,1,tenant_vs_landlord,False,
legacy_188,3,3,3,0,3,3,3,3,3,2,3,2,tenant_vs_landlord,False,
legacy_189,3,3,2,0,3,3,2,2,2,2,3,2,tenant_vs_landlord,False,
legacy_190,3,3,3,0,3,3,3,3,3,3,3,1,tenant_vs_landlord,False,
legacy_191,3,3,3,0,3,3,3,3,3,3,3,1,tenant_vs_landlord,False,
legacy_192,3,3,3,0,3,3,3,3,3,3,3,1,tenant_vs_landlord,False,
legacy_193,3,3,1,0,3,3,1,1,1,1,2,1,tenant_vs_landlord,False,
legacy_194,3,3,3,0,3,3,3,3,3,3,3,1,tenant_vs_landlord,False,
legacy_195,3,3,3,0,3,3,3,3,3,3,3,2,tenant_vs_landlord,False,
legacy_196,3,3,3,0,3,3,3,3,3,3,3,2,tenant_vs_landlord,False,
legacy_197,3,3,2,0,3,3,2,2,2,2,3,1,tenant_vs_landlord,False,
legacy_198,3,3,3,0,3,3,3,3,3,3,3,2,tenant_vs_landlord,False,
legacy_199,3,3,3,0,3,3,3,3,3,3,3,3,tenant_vs_landlord,False,
legacy_200,3,3,3,0,3,3,3,3,3,3,3,3,tenant_vs_landlord,False,
x0001,3,3,3,2,3,3,3,3,3,0,3,2,divorce_vs_restraining,True,domestic_violence_low_question_coverage
x0002,3,3,3,0,3,3,3,3,3,0,2,1,divorce_vs_restraining,True,domestic_violence_low_question_coverage
x0003,3,3,3,3,3,3,3,3,3,1,3,3,divorce_vs_restraining,True,domestic_violence_low_question_coverage
x0004,3,3,3,2,3,3,3,3,3,0,3,2,divorce_vs_restraining,True,domestic_violence_low_question_coverage
x0005,3,3,3,3,3,3,3,3,3,0,3,2,divorce_vs_restraining,True,domestic_violence_low_question_coverage
x0006,3,3,3,1,3,3,3,3,3,1,3,2,divorce_vs_restraining,True,domestic_violence_low_question_coverage
x0007,3,3,3,3,3,3,3,3,3,1,3,2,divorce_vs_restraining,True,domestic_violence_low_question_coverage
x0008,3,3,2,1,3,3,2,2,2,0,3,1,divorce_vs_restraining,True,domestic_violence_low_question_coverage
x0009,3,3,3,2,3,3,3,3,3,0,3,2,divorce_vs_restraining,True,domestic_violence_low_question_coverage
x0010,3,3,2,2,3,3,2,2,2,0,3,1,divorce_vs_restraining,True,domestic_violence_low_question_coverage
x0011,3,3,3,3,3,3,3,3,3,1,3,2,divorce_vs_restraining,True,domestic_violence_low_question_coverage
x0012,3,3,2,0,3,3,2,2,2,0,3,1,divorce_vs_restraining,True,domestic_violence_low_question_coverage
x0013,3,3,3,3,3,3,3,3,3,0,3,1,divorce_vs_restraining,True,domestic_violence_low_question_coverage
x0014,3,3,3,0,3,3,3,3,3,2,3,2,divorce_vs_restraining,True,domestic_violence_low_question_coverage
x0015,3,3,3,3,3,3,3,3,3,2,3,3,divorce_vs_restraining,True,domestic_violence_low_question_coverage
x0016,3,3,2,2,3,3,2,2,2,0,3,2,divorce_vs_restraining,False,domestic_violence_low_question_coverage
x0017,3,3,3,1,3,3,3,3,3,0,3,1,divorce_vs_restraining,False,domestic_violence_low_question_coverage
x0018,3,3,3,0,3,3,3,3,3,0,2,1,divorce_vs_restraining,False,domestic_violence_low_question_coverage
x0019,3,3,2,2,3,3,2,2,2,0,3,2,divorce_vs_restraining,False,domestic_violence_low_question_coverage
x0020,3,3,1,1,3,3,1,1,1,0,2,1,divorce_vs_restraining,False,domestic_violence_low_question_coverage
x0021,3,3,1,0,3,3,1,1,1,0,3,1,divorce_vs_restraining,False,domestic_violence_low_question_coverage
x0022,3,3,3,2,3,3,3,3,3,0,3,2,divorce_vs_restraining,False,domestic_violence_low_question_coverage
x0023,3,3,2,1,3,3,2,2,2,0,3,1,divorce_vs_restraining,False,domestic_violence_low_question_coverage
x0024,3,3,3,2,3,3,3,3,3,0,3,2,divorce_vs_restraining,False,domestic_violence_low_question_coverage
x0025,3,3,3,2,3,3,3,3,3,0,3,2,divorce_vs_restraining,False,domestic_violence_low_question_coverage
x0026,3,3,3,1,3,3,3,3,3,0,3,2,divorce_vs_restraining,False,domestic_violence_low_question_coverage
x0027,3,3,3,3,3,3,3,3,3,0,3,2,divorce_vs_restraining,False,domestic_violence_low_question_coverage
x0028,3,3,3,3,3,3,3,3,3,0,3,1,divorce_vs_restraining,False,domestic_violence_low_question_coverage
x0029,3,3,3,1,3,3,3,3,3,0,3,2,divorce_vs_restraining,False,domestic_violence_low_question_coverage
x0030,3,3,3,2,3,3,3,3,3,0,3,1,divorce_vs_restraining,False,domestic_violence_low_question_coverage
x0031,3,3,0,0,3,3,0,0,0,0,2,0,custody_vs_restraining,True,domestic_violence_low_question_coverage
x0032,3,3,0,0,3,3,0,0,0,0,1,0,custody_vs_restraining,True,domestic_violence_low_question_coverage
x0033,3,3,3,1,3,3,3,3,3,2,3,2,custody_vs_restraining,True,domestic_violence_low_question_coverage
x0034,3,3,3,1,3,3,3,3,3,0,3,1,custody_vs_restraining,True,domestic_violence_low_question_coverage
x0035,3,3,2,2,3,3,2,2,2,0,3,1,custody_vs_restraining,True,domestic_violence_low_question_coverage
x0036,3,3,0,0,3,3,0,0,0,0,3,0,custody_vs_restraining,True,domestic_violence_low_question_coverage
x0037,3,3,2,0,3,3,2,2,2,2,3,1,custody_vs_restraining,True,domestic_violence_low_question_coverage
x0038,3,3,3,2,3,3,3,3,3,1,3,2,custody_vs_restraining,True,domestic_violence_low_question_coverage
x0039,3,3,3,3,3,3,3,3,3,0,3,1,custody_vs_restraining,True,domestic_violence_low_question_coverage
x0040,3,3,0,0,3,3,0,0,0,0,2,0,custody_vs_restraining,True,domestic_violence_low_question_coverage
x0041,3,3,2,0,3,3,2,2,2,1,3,2,custody_vs_restraining,True,domestic_violence_low_question_coverage
x0042,3,3,3,2,3,3,3,3,3,0,3,2,custody_vs_restraining,True,domestic_violence_low_question_coverage
x0043,3,3,1,1,3,3,1,1,1,0,3,1,custody_vs_restraining,True,domestic_violence_low_question_coverage
x0044,3,3,2,0,3,3,2,2,2,0,3,1,custody_vs_restraining,True,domestic_violence_low_question_coverage
x0045,3,3,3,1,3,3,3,3,3,0,3,2,custody_vs_restraining,True,domestic_violence_low_question_coverage
x0046,3,3,3,3,3,3,3,3,3,0,3,1,custody_vs_restraining,False,domestic_violence_low_question_coverage
x0047,3,3,3,1,3,3,3,3,3,3,3,1,custody_vs_restraining,False,domestic_violence_low_question_coverage
x0048,3,3,3,1,3,3,3,3,3,3,3,1,custody_vs_restraining,False,domestic_violence_low_question_coverage
x0049,3,3,3,1,3,3,3,3,3,0,3,2,custody_vs_restraining,False,domestic_violence_low_question_coverage
x0050,3,3,3,3,3,3,3,3,3,0,3,2,custody_vs_restraining,False,domestic_violence_low_question_coverage
x0051,3,3,3,2,3,3,3,3,3,3,3,3,custody_vs_restraining,False,domestic_violence_low_question_coverage
x0052,3,3,3,1,3,3,3,3,3,3,3,2,custody_vs_restraining,False,domestic_violence_low_question_coverage
x0053,3,3,2,2,3,3,2,2,2,2,3,1,custody_vs_restraining,False,domestic_violence_low_question_coverage
x0054,3,3,3,3,3,3,3,3,3,0,3,1,custody_vs_restraining,False,domestic_violence_low_question_coverage
x0055,3,3,3,1,3,3,3,3,3,3,3,2,custody_vs_restraining,False,domestic_violence_low_question_coverage
x0056,3,3,3,2,3,3,3,3,3,3,3,1,custody_vs_restraining,False,domestic_violence_low_question_coverage
x0057,3,3,3,2,3,3,3,3,3,0,3,1,custody_vs_restraining,False,domestic_violence_low_question_coverage
x0058,3,3,2,2,3,3,2,2,2,0,3,1,custody_vs_restraining,False,domestic_violence_low_question_coverage
x0059,3,3,3,1,3,3,3,3,3,3,3,3,custody_vs_restraining,False,domestic_violence_low_question_coverage
x0060,3,3,3,1,3,3,3,3,3,2,3,3,custody_vs_restraining,False,domestic_violence_low_question_coverage
x0061,3,3,2,0,3,3,2,2,2,0,3,1,separation_vs_financial_abuse,True,domestic_violence_low_question_coverage
x0062,3,3,3,3,3,3,3,3,3,0,3,2,separation_vs_financial_abuse,True,domestic_violence_low_question_coverage
x0063,3,3,3,3,3,3,3,3,3,0,3,2,separation_vs_financial_abuse,True,domestic_violence_low_question_coverage
x0064,3,3,1,0,3,3,1,1,1,0,2,1,separation_vs_financial_abuse,True,domestic_violence_low_question_coverage
x0065,3,3,2,1,3,3,2,2,2,0,3,2,separation_vs_financial_abuse,True,domestic_violence_low_question_coverage
x0066,3,3,3,3,3,3,3,3,3,0,3,2,separation_vs_financial_abuse,True,domestic_violence_low_question_coverage
x0067,3,3,2,2,3,3,2,2,2,0,3,1,separation_vs_financial_abuse,True,domestic_violence_low_question_coverage
x0068,3,3,2,2,3,3,2,2,2,0,3,1,separation_vs_financial_abuse,True,domestic_violence_low_question_coverage
x0069,3,3,1,3,3,3,1,1,1,0,3,1,separation_vs_financial_abuse,True,domestic_violence_low_question_coverage
x0070,3,3,3,3,3,3,3,3,3,1,3,2,separation_vs_financial_abuse,True,domestic_violence_low_question_coverage
x0071,3,3,3,3,3,3,3,3,3,0,3,2,separation_vs_financial_abuse,True,domestic_violence_low_question_coverage
x0072,3,3,1,1,3,3,1,1,1,0,3,1,separation_vs_financial_abuse,True,domestic_violence_low_question_coverage
x0073,3,3,2,2,3,3,2,2,2,0,3,1,separation_vs_financial_abuse,True,domestic_violence_low_question_coverage
x0074,3,3,3,3,3,3,3,3,3,0,3,1,separation_vs_financial_abuse,True,domestic_violence_low_question_coverage
x0075,3,3,3,3,3,3,3,3,3,0,3,2,separation_vs_financial_abuse,True,domestic_violence_low_question_coverage
x0076,3,3,1,2,3,3,1,1,1,0,3,1,separation_vs_financial_abuse,False,domestic_violence_low_question_coverage
x0077,3,3,3,0,3,3,3,3,3,3,2,2,separation_vs_financial_abuse,False,domestic_violence_low_question_coverage
x0078,3,3,2,3,3,3,2,2,2,0,3,1,separation_vs_financial_abuse,False,domestic_violence_low_question_coverage
x0079,3,3,2,2,3,3,2,2,2,0,3,1,separation_vs_financial_abuse,False,domestic_violence_low_question_coverage
x0080,3,3,0,2,3,3,0,0,0,0,3,0,separation_vs_financial_abuse,False,domestic_violence_low_question_coverage
x0081,3,3,3,2,3,3,3,3,3,3,3,3,separation_vs_financial_abuse,False,domestic_violence_low_question_coverage
x0082,3,3,1,3,3,3,1,1,1,0,3,1,separation_vs_financial_abuse,False,domestic_violence_low_question_coverage
x0083,3,3,1,1,3,3,1,1,1,0,3,1,separation_vs_financial_abuse,False,domestic_violence_low_question_coverage
x0084,3,3,0,1,3,3,0,0,0,0,3,0,separation_vs_financial_abuse,False,domestic_violence_low_question_coverage
x0085,3,3,2,1,3,3,2,2,2,2,3,2,separation_vs_financial_abuse,False,domestic_violence_low_question_coverage
x0086,3,3,3,3,3,3,3,3,3,0,3,1,separation_vs_financial_abuse,False,domestic_violence_low_question_coverage
x0087,3,3,1,2,3,3,1,1,1,0,3,1,separation_vs_financial_abuse,False,domestic_violence_low_question_coverage
x0088,3,3,1,2,3,3,1,1,1,0,3,1,separation_vs_financial_abuse,False,domestic_violence_low_question_coverage
x0089,3,3,2,2,3,3,2,2,2,1,3,2,separation_vs_financial_abuse,False,domestic_violence_low_question_coverage
x0090,3,3,1,2,3,3,1,1,1,0,3,1,separation_vs_financial_abuse,False,domestic_violence_low_question_coverage
x0091,3,3,3,1,3,3,3,0,3,3,3,1,stalking_vs_restraining,True,criminal_vs_restraining_wrong_stalking_default
x0092,3,3,3,1,3,3,3,0,3,3,3,1,stalking_vs_restraining,True,criminal_vs_restraining_wrong_stalking_default
x0093,3,3,3,2,3,3,3,0,3,3,3,1,stalking_vs_restraining,True,criminal_vs_restraining_wrong_stalking_default
x0094,3,3,3,1,3,1,3,2,3,3,3,3,stalking_vs_restraining,True,criminal_vs_restraining_wrong_stalking_default
x0095,3,3,3,1,3,3,3,0,3,3,3,1,stalking_vs_restraining,True,criminal_vs_restraining_wrong_stalking_default
x0096,3,3,3,1,3,3,2,0,3,2,3,2,stalking_vs_restraining,True,criminal_vs_restraining_wrong_stalking_default
x0097,3,3,3,3,3,3,3,0,3,3,3,2,stalking_vs_restraining,True,criminal_vs_restraining_wrong_stalking_default
x0098,3,3,3,2,3,2,3,3,3,3,3,2,stalking_vs_restraining,True,criminal_vs_restraining_wrong_stalking_default
x0099,3,3,3,1,3,3,3,0,3,3,2,1,stalking_vs_restraining,True,criminal_vs_restraining_wrong_stalking_default
x0100,3,3,3,1,3,3,3,0,3,3,3,1,stalking_vs_restraining,True,criminal_vs_restraining_wrong_stalking_default
x0101,3,3,3,1,3,3,1,0,3,1,3,3,stalking_vs_restraining,True,criminal_vs_restraining_wrong_stalking_default
x0102,3,3,3,0,3,0,3,3,3,3,3,1,stalking_vs_restraining,True,criminal_vs_restraining_wrong_stalking_default
x0103,3,3,3,0,3,3,3,0,3,3,3,1,stalking_vs_restraining,True,criminal_vs_restraining_wrong_stalking_default
x0104,3,3,3,2,3,3,3,0,3,3,3,1,stalking_vs_restraining,True,criminal_vs_restraining_wrong_stalking_default
x0105,3,3,3,0,3,3,1,0,3,1,3,2,stalking_vs_restraining,True,criminal_vs_restraining_wrong_stalking_default
x0106,3,3,3,1,3,3,3,0,3,3,3,1,stalking_vs_restraining,False,criminal_vs_restraining_wrong_stalking_default
x0107,3,3,3,0,3,2,3,3,3,3,3,2,stalking_vs_restraining,False,criminal_vs_restraining_wrong_stalking_default
x0108,3,3,3,0,3,0,3,3,3,3,3,1,stalking_vs_restraining,False,criminal_vs_restraining_wrong_stalking_default
x0109,3,3,3,1,3,3,3,0,3,3,3,2,stalking_vs_restraining,False,criminal_vs_restraining_wrong_stalking_default
x0110,3,3,3,3,3,3,2,1,3,2,3,3,stalking_vs_restraining,False,criminal_vs_restraining_wrong_stalking_default
x0111,3,3,3,2,3,0,3,2,3,3,3,2,stalking_vs_restraining,False,criminal_vs_restraining_wrong_stalking_default
x0112,3,3,3,1,3,0,3,3,3,3,3,1,stalking_vs_restraining,False,criminal_vs_restraining_wrong_stalking_default
x0113,3,3,3,0,3,3,3,0,3,3,3,2,stalking_vs_restraining,False,criminal_vs_restraining_wrong_stalking_default
x0114,3,3,3,1,3,2,3,2,3,3,3,3,stalking_vs_restraining,False,criminal_vs_restraining_wrong_stalking_default
x0115,3,3,3,1,3,1,3,3,3,3,3,1,stalking_vs_restraining,False,criminal_vs_restraining_wrong_stalking_default
x0116,3,3,3,0,3,1,3,3,3,3,3,1,stalking_vs_restraining,False,criminal_vs_restraining_wrong_stalking_default
x0117,3,3,3,2,3,3,3,0,3,3,3,1,stalking_vs_restraining,False,criminal_vs_restraining_wrong_stalking_default
x0118,3,3,3,2,3,3,3,1,3,3,3,2,stalking_vs_restraining,False,criminal_vs_restraining_wrong_stalking_default
x0119,3,3,3,1,3,0,3,3,3,3,3,1,stalking_vs_restraining,False,criminal_vs_restraining_wrong_stalking_default
x0120,3,3,3,2,3,1,3,1,3,3,3,2,stalking_vs_restraining,False,criminal_vs_restraining_wrong_stalking_default
x0121,3,3,3,1,3,2,1,0,3,0,3,2,criminal_case_vs_protection,True,criminal_vs_restraining_wrong_stalking_default
x0122,3,3,3,0,3,3,2,0,3,1,3,3,criminal_case_vs_protection,True,criminal_vs_restraining_wrong_stalking_default
x0123,3,3,3,0,3,0,3,0,3,1,3,2,criminal_case_vs_protection,True,criminal_vs_restraining_wrong_stalking_default
x0124,3,3,3,1,0,0,3,2,3,1,3,3,criminal_case_vs_protection,True,criminal_vs_restraining_wrong_stalking_default
x0125,3,3,3,1,3,2,1,0,3,0,3,2,criminal_case_vs_protection,True,criminal_vs_restraining_wrong_stalking_default
x0126,3,3,3,0,3,3,2,0,3,1,3,3,criminal_case_vs_protection,True,criminal_vs_restraining_wrong_stalking_default
x0127,3,3,3,1,3,2,3,0,3,1,3,2,criminal_case_vs_protection,True,criminal_vs_restraining_wrong_stalking_default
x0128,3,3,3,3,0,0,2,0,3,0,3,3,criminal_case_vs_protection,True,criminal_vs_restraining_wrong_stalking_default
x0129,3,3,3,0,3,1,2,0,3,0,3,3,criminal_case_vs_protection,True,criminal_vs_restraining_wrong_stalking_default
x0130,3,3,3,2,3,3,3,0,3,2,3,2,criminal_case_vs_protection,True,criminal_vs_restraining_wrong_stalking_default
x0131,3,3,3,2,3,1,2,0,3,1,3,3,criminal_case_vs_protection,True,criminal_vs_restraining_wrong_stalking_default
x0132,3,3,3,2,0,0,1,0,3,0,3,2,criminal_case_vs_protection,True,criminal_vs_restraining_wrong_stalking_default
x0133,3,3,3,0,3,1,2,0,3,1,3,3,criminal_case_vs_protection,True,criminal_vs_restraining_wrong_stalking_default
x0134,3,3,3,1,3,3,3,0,3,3,3,3,criminal_case_vs_protection,True,criminal_vs_restraining_wrong_stalking_default
x0135,3,3,3,0,2,0,3,0,3,3,3,2,criminal_case_vs_protection,True,criminal_vs_restraining_wrong_stalking_default
x0136,3,3,0,2,3,3,0,0,0,0,3,0,criminal_case_vs_protection,False,criminal_vs_restraining_wrong_stalking_default
x0137,3,3,1,2,3,3,0,0,1,0,3,1,criminal_case_vs_protection,False,criminal_vs_restraining_wrong_stalking_default
x0138,3,3,0,2,3,1,0,0,0,0,3,0,criminal_case_vs_protection,False,criminal_vs_restraining_wrong_stalking_default
x0139,3,3,0,2,3,3,0,0,0,0,3,0,criminal_case_vs_protection,False,criminal_vs_restraining_wrong_stalking_default
x0140,3,3,0,3,3,3,0,0,0,0,3,0,criminal_case_vs_protection,False,criminal_vs_restraining_wrong_stalking_default
x0141,3,3,1,3,3,2,0,0,1,0,3,1,criminal_case_vs_protection,False,criminal_vs_restraining_wrong_stalking_default
x0142,3,3,0,3,3,1,0,0,0,0,3,0,criminal_case_vs_protection,False,criminal_vs_restraining_wrong_stalking_default
x0143,3,3,0,1,3,3,0,0,0,0,3,0,criminal_case_vs_protection,False,criminal_vs_restraining_wrong_stalking_default
x0144,3,3,0,3,3,3,0,0,0,0,2,0,criminal_case_vs_protection,False,criminal_vs_restraining_wrong_stalking_default
x0145,3,3,0,2,3,3,0,0,0,0,3,0,criminal_case_vs_protection,False,criminal_vs_restraining_wrong_stalking_default
x0146,3,3,0,3,3,0,0,0,0,0,3,0,criminal_case_vs_protection,False,criminal_vs_restraining_wrong_stalking_default
x0147,3,3,1,2,3,3,0,0,1,0,3,1,criminal_case_vs_protection,False,criminal_vs_restraining_wrong_stalking_default
x0148,3,3,1,3,3,2,0,0,1,0,3,1,criminal_case_vs_protection,False,criminal_vs_restraining_wrong_stalking_default
x0149,3,3,1,3,3,3,0,0,1,0,3,1,criminal_case_vs_protection,False,criminal_vs_restraining_wrong_stalking_default
x0150,3,3,0,3,3,0,0,0,0,0,3,0,criminal_case_vs_protection,False,criminal_vs_restraining_wrong_stalking_default
x0151,3,3,1,0,3,3,0,0,1,0,3,1,employment_vs_state_hearing,False,employment_admin_ignores_hearing_signals
x0152,3,3,2,0,3,3,0,0,2,0,3,1,employment_vs_state_hearing,False,employment_admin_ignores_hearing_signals
x0153,3,3,1,0,3,3,0,0,1,0,3,1,employment_vs_state_hearing,False,employment_admin_ignores_hearing_signals
x0154,3,3,0,0,3,3,0,0,0,0,3,0,employment_vs_state_hearing,False,employment_admin_ignores_hearing_signals
x0155,3,3,1,0,3,3,0,0,1,0,3,1,employment_vs_state_hearing,False,employment_admin_ignores_hearing_signals
x0156,3,3,2,0,3,3,0,0,2,0,3,1,employment_vs_state_hearing,False,employment_admin_ignores_hearing_signals
x0157,3,3,3,0,3,3,0,0,3,0,3,3,employment_vs_state_hearing,False,employment_admin_ignores_hearing_signals
x0158,3,3,1,0,3,3,0,0,1,0,3,1,employment_vs_state_hearing,False,employment_admin_ignores_hearing_signals
x0159,3,3,1,0,3,3,0,0,1,0,3,1,employment_vs_state_hearing,False,employment_admin_ignores_hearing_signals
x0160,3,3,1,0,3,3,0,0,1,0,3,1,employment_vs_state_hearing,False,employment_admin_ignores_hearing_signals
x0161,3,3,3,0,3,3,0,0,3,0,3,3,employment_vs_state_hearing,False,employment_admin_ignores_hearing_signals
x0162,3,3,0,0,3,3,0,0,0,0,3,0,employment_vs_state_hearing,False,employment_admin_ignores_hearing_signals
x0163,3,3,3,0,3,3,0,0,3,0,3,3,employment_vs_state_hearing,False,employment_admin_ignores_hearing_signals
x0164,3,3,2,0,3,3,0,0,2,0,3,2,employment_vs_state_hearing,False,employment_admin_ignores_hearing_signals
x0165,3,3,2,0,3,3,0,0,2,0,3,2,employment_vs_state_hearing,False,employment_admin_ignores_hearing_signals
x0166,3,3,3,0,0,0,3,3,0,0,3,2,employment_vs_state_hearing,False,employment_admin_ignores_hearing_signals
x0167,3,3,1,0,1,0,1,1,0,0,3,1,employment_vs_state_hearing,False,employment_admin_ignores_hearing_signals
x0168,3,3,3,0,0,0,3,3,0,0,3,1,employment_vs_state_hearing,False,employment_admin_ignores_hearing_signals
x0169,3,3,3,0,0,0,3,3,0,0,3,1,employment_vs_state_hearing,False,employment_admin_ignores_hearing_signals
x0170,3,3,3,0,0,0,3,3,0,0,3,2,employment_vs_state_hearing,False,employment_admin_ignores_hearing_signals
x0171,3,3,1,0,0,0,1,1,0,0,3,1,employment_vs_state_hearing,False,employment_admin_ignores_hearing_signals
x0172,3,3,3,0,0,0,3,3,0,0,3,2,employment_vs_state_hearing,False,employment_admin_ignores_hearing_signals
x0173,3,3,3,0,0,0,3,3,0,0,3,3,employment_vs_state_hearing,False,employment_admin_ignores_hearing_signals
x0174,3,3,3,0,0,0,3,3,0,0,3,3,employment_vs_state_hearing,False,employment_admin_ignores_hearing_signals
x0175,3,3,0,0,0,0,0,0,0,0,3,0,employment_vs_state_hearing,False,employment_admin_ignores_hearing_signals
x0176,3,3,3,0,0,0,3,3,0,0,3,1,employment_vs_state_hearing,False,employment_admin_ignores_hearing_signals
x0177,3,3,3,0,0,0,3,3,0,0,3,2,employment_vs_state_hearing,False,employment_admin_ignores_hearing_signals
x0178,3,3,3,0,0,0,3,3,0,0,3,1,employment_vs_state_hearing,False,employment_admin_ignores_hearing_signals
x0179,3,3,0,0,1,0,0,0,0,0,3,0,employment_vs_state_hearing,False,employment_admin_ignores_hearing_signals
x0180,3,3,3,0,0,0,3,3,0,0,3,1,employment_vs_state_hearing,False,employment_admin_ignores_hearing_signals
x0181,3,3,3,0,3,3,3,0,3,3,3,1,wrongful_discharge_vs_unemployment,False,employment_admin_ignores_hearing_signals
x0182,3,3,0,0,3,3,0,0,0,0,3,0,wrongful_discharge_vs_unemployment,False,employment_admin_ignores_hearing_signals
x0183,3,3,2,0,3,3,0,0,2,0,3,2,wrongful_discharge_vs_unemployment,False,employment_admin_ignores_hearing_signals
x0184,3,3,0,0,3,3,0,0,0,0,3,0,wrongful_discharge_vs_unemployment,False,employment_admin_ignores_hearing_signals
x0185,3,3,2,0,3,3,2,0,2,2,3,1,wrongful_discharge_vs_unemployment,False,employment_admin_ignores_hearing_signals
x0186,3,3,0,0,3,3,0,0,0,0,3,0,wrongful_discharge_vs_unemployment,False,employment_admin_ignores_hearing_signals
x0187,3,3,1,0,3,3,0,0,1,0,3,1,wrongful_discharge_vs_unemployment,False,employment_admin_ignores_hearing_signals
x0188,3,3,0,0,3,3,0,0,0,0,3,0,wrongful_discharge_vs_unemployment,False,employment_admin_ignores_hearing_signals
x0189,3,3,3,0,3,3,3,0,3,3,2,2,wrongful_discharge_vs_unemployment,False,employment_admin_ignores_hearing_signals
x0190,3,3,0,0,3,3,0,0,0,0,3,0,wrongful_discharge_vs_unemployment,False,employment_admin_ignores_hearing_signals
x0191,3,3,0,0,3,3,0,0,0,0,3,0,wrongful_discharge_vs_unemployment,False,employment_admin_ignores_hearing_signals
x0192,3,3,0,0,3,3,0,0,0,0,3,0,wrongful_discharge_vs_unemployment,False,employment_admin_ignores_hearing_signals
x0193,3,3,2,0,3,3,2,0,2,2,3,2,wrongful_discharge_vs_unemployment,False,employment_admin_ignores_hearing_signals
x0194,3,3,0,0,3,3,0,0,0,0,3,0,wrongful_discharge_vs_unemployment,False,employment_admin_ignores_hearing_signals
x0195,3,3,1,0,3,3,0,0,1,0,3,1,wrongful_discharge_vs_unemployment,False,employment_admin_ignores_hearing_signals
x0196,3,3,1,0,3,3,1,0,0,0,3,1,wrongful_discharge_vs_unemployment,False,employment_admin_ignores_hearing_signals
x0197,3,3,0,0,3,3,0,0,0,0,3,0,wrongful_discharge_vs_unemployment,False,employment_admin_ignores_hearing_signals
x0198,3,3,3,0,3,0,3,3,0,0,3,3,wrongful_discharge_vs_unemployment,False,employment_admin_ignores_hearing_signals
x0199,3,3,3,0,2,0,3,3,0,0,2,2,wrongful_discharge_vs_unemployment,False,employment_admin_ignores_hearing_signals
x0200,3,3,0,0,3,3,0,0,0,0,2,0,wrongful_discharge_vs_unemployment,False,employment_admin_ignores_hearing_signals
x0201,3,3,0,0,3,3,0,0,0,0,2,0,wrongful_discharge_vs_unemployment,False,employment_admin_ignores_hearing_signals
x0202,3,3,3,0,2,0,3,3,0,0,3,3,wrongful_discharge_vs_unemployment,False,employment_admin_ignores_hearing_signals
x0203,3,3,3,0,0,0,3,3,0,0,3,2,wrongful_discharge_vs_unemployment,False,employment_admin_ignores_hearing_signals
x0204,3,3,0,0,3,3,0,0,0,0,2,0,wrongful_discharge_vs_unemployment,False,employment_admin_ignores_hearing_signals
x0205,3,3,0,0,3,3,0,0,0,0,1,0,wrongful_discharge_vs_unemployment,False,employment_admin_ignores_hearing_signals
x0206,3,3,2,0,3,0,2,2,0,0,3,2,wrongful_discharge_vs_unemployment,False,employment_admin_ignores_hearing_signals
x0207,3,3,3,0,1,0,3,3,0,0,3,3,wrongful_discharge_vs_unemployment,False,employment_admin_ignores_hearing_signals
x0208,3,3,3,0,3,3,3,0,0,0,3,1,wrongful_discharge_vs_unemployment,False,employment_admin_ignores_hearing_signals
x0209,3,3,0,0,3,3,0,0,0,0,2,0,wrongful_discharge_vs_unemployment,False,employment_admin_ignores_hearing_signals
x0210,3,3,3,0,1,0,3,3,0,0,3,2,wrongful_discharge_vs_unemployment,False,employment_admin_ignores_hearing_signals
x0211,3,3,3,3,3,3,0,0,3,0,3,1,work_injury_vs_personal_injury,False,injury_location_does_not_flip_off_clock
x0212,3,3,3,1,3,3,0,0,3,0,3,1,work_injury_vs_personal_injury,False,injury_location_does_not_flip_off_clock
x0213,3,3,3,2,3,3,3,1,3,3,3,2,work_injury_vs_personal_injury,False,injury_location_does_not_flip_off_clock
x0214,3,3,0,2,3,3,0,0,0,0,3,0,work_injury_vs_personal_injury,False,injury_location_does_not_flip_off_clock
x0215,3,3,3,3,3,3,0,0,3,0,3,1,work_injury_vs_personal_injury,False,injury_location_does_not_flip_off_clock
x0216,3,3,3,1,3,3,0,0,3,0,3,1,work_injury_vs_personal_injury,False,injury_location_does_not_flip_off_clock
x0217,3,3,3,1,3,3,3,0,3,3,3,1,work_injury_vs_personal_injury,False,injury_location_does_not_flip_off_clock
x0218,3,3,2,2,3,3,0,0,2,0,3,2,work_injury_vs_personal_injury,False,injury_location_does_not_flip_off_clock
x0219,3,3,3,2,3,3,1,0,3,1,3,3,work_injury_vs_personal_injury,False,injury_location_does_not_flip_off_clock
x0220,3,3,3,3,3,3,0,0,3,0,3,1,work_injury_vs_personal_injury,False,injury_location_does_not_flip_off_clock
x0221,3,3,3,3,3,2,3,0,3,2,3,3,work_injury_vs_personal_injury,False,injury_location_does_not_flip_off_clock
x0222,3,3,1,2,3,3,0,0,1,0,3,1,work_injury_vs_personal_injury,False,injury_location_does_not_flip_off_clock
x0223,3,3,3,3,3,3,0,0,3,0,3,1,work_injury_vs_personal_injury,False,injury_location_does_not_flip_off_clock
x0224,3,3,3,1,3,3,0,0,3,0,3,1,work_injury_vs_personal_injury,False,injury_location_does_not_flip_off_clock
x0225,3,3,3,2,3,3,3,0,3,3,3,2,work_injury_vs_personal_injury,False,injury_location_does_not_flip_off_clock
x0226,3,3,0,1,3,3,0,0,0,0,2,0,work_injury_vs_personal_injury,False,injury_location_does_not_flip_off_clock
x0227,3,3,3,3,1,0,3,3,3,3,3,2,work_injury_vs_personal_injury,False,injury_location_does_not_flip_off_clock
x0228,3,3,2,0,3,3,0,0,2,0,1,1,work_injury_vs_personal_injury,False,injury_location_does_not_flip_off_clock
x0229,3,3,3,3,3,0,3,3,3,3,3,1,work_injury_vs_personal_injury,False,injury_location_does_not_flip_off_clock
x0230,3,3,2,2,3,3,0,0,2,0,3,1,work_injury_vs_personal_injury,False,injury_location_does_not_flip_off_clock
x0231,3,3,3,3,2,0,3,3,3,3,3,1,work_injury_vs_personal_injury,False,injury_location_does_not_flip_off_clock
x0232,3,3,2,0,3,3,0,0,2,0,2,1,work_injury_vs_personal_injury,False,injury_location_does_not_flip_off_clock
x0233,3,3,3,0,3,0,3,3,3,3,3,1,work_injury_vs_personal_injury,False,injury_location_does_not_flip_off_clock
x0234,3,3,0,2,3,3,0,0,0,0,3,0,work_injury_vs_personal_injury,False,injury_location_does_not_flip_off_clock
x0235,3,3,3,3,3,0,3,3,3,3,3,2,work_injury_vs_personal_injury,False,injury_location_does_not_flip_off_clock
x0236,3,3,3,0,3,3,0,0,3,0,2,1,work_injury_vs_personal_injury,False,injury_location_does_not_flip_off_clock
x0237,3,3,3,0,2,0,3,3,3,3,3,1,work_injury_vs_personal_injury,False,injury_location_does_not_flip_off_clock
x0238,3,3,1,3,3,3,0,0,1,0,3,1,work_injury_vs_personal_injury,False,injury_location_does_not_flip_off_clock
x0239,3,3,3,3,3,0,3,3,3,3,3,1,work_injury_vs_personal_injury,False,injury_location_does_not_flip_off_clock
x0240,3,3,3,0,3,3,0,0,3,0,1,1,work_injury_vs_personal_injury,False,injury_location_does_not_flip_off_clock
x0241,3,3,3,0,3,3,3,3,3,1,3,2,workers_comp_vs_third_party,False,injury_location_does_not_flip_off_clock
x0242,3,3,3,1,3,3,3,3,3,3,3,1,workers_comp_vs_third_party,False,injury_location_does_not_flip_off_clock
x0243,3,3,3,1,3,3,3,3,3,3,3,1,workers_comp_vs_third_party,False,injury_location_does_not_flip_off_clock
x0244,3,3,3,1,3,3,3,3,3,1,3,2,workers_comp_vs_third_party,False,injury_location_does_not_flip_off_clock
x0245,3,3,2,0,3,3,2,2,2,0,3,1,workers_comp_vs_third_party,False,injury_location_does_not_flip_off_clock
x0246,3,3,3,0,3,3,3,3,3,3,3,1,workers_comp_vs_third_party,False,injury_location_does_not_flip_off_clock
x0247,3,3,1,1,3,3,1,1,1,1,3,1,workers_comp_vs_third_party,False,injury_location_does_not_flip_off_clock
x0248,3,3,3,1,3,3,3,3,3,2,3,2,workers_comp_vs_third_party,False,injury_location_does_not_flip_off_clock
x0249,3,3,3,0,3,3,3,3,3,0,3,1,workers_comp_vs_third_party,False,injury_location_does_not_flip_off_clock
x0250,3,3,3,0,3,3,3,3,3,3,3,1,workers_comp_vs_third_party,False,injury_location_does_not_flip_off_clock
x0251,3,3,3,0,3,3,3,3,3,3,3,1,workers_comp_vs_third_party,False,injury_location_does_not_flip_off_clock
x0252,3,3,2,1,3,3,2,2,2,0,3,1,workers_comp_vs_third_party,False,injury_location_does_not_flip_off_clock
x0253,3,3,3,0,3,3,3,3,3,1,3,3,workers_comp_vs_third_party,False,injury_location_does_not_flip_off_clock
x0254,3,3,3,0,3,3,3,3,3,3,3,1,workers_comp_vs_third_party,False,injury_location_does_not_flip_off_clock
x0255,3,3,3,0,3,3,3,3,3,3,3,2,workers_comp_vs_third_party,False,injury_location_does_not_flip_off_clock
x0256,3,3,1,0,3,3,1,1,1,1,3,1,workers_comp_vs_third_party,False,injury_location_does_not_flip_off_clock
x0257,3,3,3,0,3,3,3,3,3,3,3,2,workers_comp_vs_third_party,False,injury_location_does_not_flip_off_clock
x0258,3,3,3,1,3,3,3,3,3,3,3,1,workers_comp_vs_third_party,False,injury_location_does_not_flip_off_clock
x0259,3,3,3,3,3,3,3,3,3,3,3,1,workers_comp_vs_third_party,False,injury_location_does_not_flip_off_clock
x0260,3,3,1,0,3,3,1,1,1,1,3,1,workers_comp_vs_third_party,False,injury_location_does_not_flip_off_clock
x0261,3,3,3,0,3,3,3,3,3,3,3,1,workers_comp_vs_third_party,False,injury_location_does_not_flip_off_clock
x0262,3,3,3,0,3,3,3,3,3,3,3,1,workers_comp_vs_third_party,False,injury_location_does_not_flip_off_clock
x0263,3,3,3,2,3,3,3,3,3,3,3,1,workers_comp_vs_third_party,False,injury_location_does_not_flip_off_clock
x0264,3,3,1,1,3,3,1,1,1,1,3,1,workers_comp_vs_third_party,False,injury_location_does_not_flip_off_clock
x0265,3,3,2,1,3,3,2,2,2,2,3,1,workers_comp_vs_third_party,False,injury_location_does_not_flip_off_clock
x0266,3,3,3,1,3,3,3,3,3,3,3,1,workers_comp_vs_third_party,False,injury_location_does_not_flip_off_clock
x0267,3,3,2,2,3,3,2,2,2,2,3,2,workers_comp_vs_third_party,False,injury_location_does_not_flip_off_clock
x0268,3,3,2,0,3,3,2,2,2,2,3,1,workers_comp_vs_third_party,False,injury_location_does_not_flip_off_clock
x0269,3,3,3,1,3,3,3,3,3,3,3,2,workers_comp_vs_third_party,False,injury_location_does_not_flip_off_clock
x0270,3,3,3,0,3,3,3,3,3,3,3,1,workers_comp_vs_third_party,False,injury_location_does_not_flip_off_clock
x0271,3,3,0,0,3,3,0,0,0,0,3,0,bankruptcy_vs_creditor,False,bankruptcy_collections_role_confusion
x0272,3,3,1,0,2,2,1,0,1,0,3,1,bankruptcy_vs_creditor,False,bankruptcy_collections_role_confusion
x0273,3,3,1,0,3,0,1,1,1,0,3,1,bankruptcy_vs_creditor,False,bankruptcy_collections_role_confusion
x0274,3,3,2,0,3,1,2,2,2,0,3,2,bankruptcy_vs_creditor,False,bankruptcy_collections_role_confusion
x0275,3,3,0,0,3,3,0,0,0,0,3,0,bankruptcy_vs_creditor,False,bankruptcy_collections_role_confusion
x0276,3,3,0,0,3,3,0,0,0,0,3,0,bankruptcy_vs_creditor,False,bankruptcy_collections_role_confusion
x0277,3,3,0,0,3,1,0,0,0,0,3,0,bankruptcy_vs_creditor,False,bankruptcy_collections_role_confusion
x0278,3,3,0,0,3,1,0,0,0,0,3,0,bankruptcy_vs_creditor,False,bankruptcy_collections_role_confusion
x0279,3,3,1,0,3,3,1,0,1,0,3,1,bankruptcy_vs_creditor,False,bankruptcy_collections_role_confusion
x0280,3,3,0,0,3,3,0,0,0,0,3,0,bankruptcy_vs_creditor,False,bankruptcy_collections_role_confusion
x0281,3,3,0,0,3,0,0,0,0,0,3,0,bankruptcy_vs_creditor,False,bankruptcy_collections_role_confusion
x0282,3,3,0,0,3,0,0,0,0,0,3,0,bankruptcy_vs_creditor,False,bankruptcy_collections_role_confusion
x0283,3,3,0,0,3,3,0,0,0,0,3,0,bankruptcy_vs_creditor,False,bankruptcy_collections_role_confusion
x0284,3,3,0,0,3,3,0,0,0,0,3,0,bankruptcy_vs_creditor,False,bankruptcy_collections_role_confusion
x0285,3,3,0,0,3,0,0,0,0,0,3,0,bankruptcy_vs_creditor,False,bankruptcy_collections_role_confusion
x0286,3,3,0,0,3,3,0,0,0,0,3,0,bankruptcy_vs_creditor,False,bankruptcy_collections_role_confusion
x0287,3,3,3,0,3,3,0,0,3,0,3,3,bankruptcy_vs_creditor,False,bankruptcy_collections_role_confusion
x0288,3,3,0,0,2,1,0,0,0,0,3,0,bankruptcy_vs_creditor,False,bankruptcy_collections_role_confusion
x0289,3,3,0,0,3,1,0,0,0,0,3,0,bankruptcy_vs_creditor,False,bankruptcy_collections_role_confusion
x0290,3,3,0,0,3,3,0,0,0,0,3,0,bankruptcy_vs_creditor,False,bankruptcy_collections_role_confusion
x0291,3,3,2,0,3,3,0,0,2,0,3,2,bankruptcy_vs_creditor,False,bankruptcy_collections_role_confusion
x0292,3,3,0,0,2,0,0,0,0,0,3,0,bankruptcy_vs_creditor,False,bankruptcy_collections_role_confusion
x0293,3,3,0,0,3,3,0,0,0,0,3,0,bankruptcy_vs_creditor,False,bankruptcy_collections_role_confusion
x0294,3,3,0,0,3,3,0,0,0,0,3,0,bankruptcy_vs_creditor,False,bankruptcy_collections_role_confusion
x0295,3,3,2,0,3,3,0,0,2,0,3,1,bankruptcy_vs_creditor,False,bankruptcy_collections_role_confusion
x0296,3,3,0,0,3,0,0,0,0,0,1,0,bankruptcy_vs_creditor,False,bankruptcy_collections_role_confusion
x0297,3,3,0,0,2,2,0,0,0,0,3,0,bankruptcy_vs_creditor,False,bankruptcy_collections_role_confusion
x0298,3,3,0,0,3,3,0,0,0,0,3,0,bankruptcy_vs_creditor,False,bankruptcy_collections_role_confusion
x0299,3,3,3,0,3,3,0,0,3,0,3,1,bankruptcy_vs_creditor,False,bankruptcy_collections_role_confusion
x0300,3,3,1,0,3,1,0,0,1,0,3,1,bankruptcy_vs_creditor,False,bankruptcy_collections_role_confusion
x0301,3,3,3,0,3,3,1,0,3,1,3,2,judgment_vs_bankruptcy,False,bankruptcy_collections_role_confusion
x0302,3,3,3,0,3,3,0,0,3,0,3,1,judgment_vs_bankruptcy,False,bankruptcy_collections_role_confusion
x0303,3,3,3,0,3,3,0,0,3,0,3,1,judgment_vs_bankruptcy,False,bankruptcy_collections_role_confusion
x0304,3,3,3,0,3,3,3,0,3,3,3,2,judgment_vs_bankruptcy,False,bankruptcy_collections_role_confusion
x0305,3,3,3,0,3,2,0,0,3,0,3,1,judgment_vs_bankruptcy,False,bankruptcy_collections_role_confusion
x0306,3,3,3,0,3,3,0,0,3,0,3,2,judgment_vs_bankruptcy,False,bankruptcy_collections_role_confusion
x0307,3,3,3,0,3,3,0,0,3,0,3,2,judgment_vs_bankruptcy,False,bankruptcy_collections_role_confusion
x0308,3,3,3,0,3,3,3,0,3,3,3,2,judgment_vs_bankruptcy,False,bankruptcy_collections_role_confusion
x0309,3,3,3,0,3,3,0,0,3,0,3,1,judgment_vs_bankruptcy,False,bankruptcy_collections_role_confusion
x0310,3,3,3,0,3,3,0,0,3,0,3,2,judgment_vs_bankruptcy,False,bankruptcy_collections_role_confusion
x0311,3,3,3,0,3,3,0,0,3,0,2,2,judgment_vs_bankruptcy,False,bankruptcy_collections_role_confusion
x0312,3,3,2,0,3,3,2,0,2,2,3,1,judgment_vs_bankruptcy,False,bankruptcy_collections_role_confusion
x0313,3,3,3,0,3,3,0,0,3,0,3,1,judgment_vs_bankruptcy,False,bankruptcy_collections_role_confusion
x0314,3,3,3,0,3,3,0,0,3,0,3,2,judgment_vs_bankruptcy,False,bankruptcy_collections_role_confusion
x0315,3,3,3,0,3,3,0,0,3,0,3,1,judgment_vs_bankruptcy,False,bankruptcy_collections_role_confusion
x0316,3,3,0,0,3,3,0,0,0,0,3,0,judgment_vs_bankruptcy,False,bankruptcy_collections_role_confusion
x0317,3,3,0,0,3,2,0,0,0,0,3,0,judgment_vs_bankruptcy,False,bankruptcy_collections_role_confusion
x0318,3,3,3,0,1,0,3,3,3,3,3,3,judgment_vs_bankruptcy,False,bankruptcy_collections_role_confusion
x0319,3,3,0,0,3,0,0,0,0,0,3,0,judgment_vs_bankruptcy,False,bankruptcy_collections_role_confusion
x0320,3,3,1,0,3,3,1,0,1,0,3,1,judgment_vs_bankruptcy,False,bankruptcy_collections_role_confusion
x0321,3,3,0,0,3,3,0,0,0,0,3,0,judgment_vs_bankruptcy,False,bankruptcy_collections_role_confusion
x0322,3,3,3,0,1,0,3,3,3,2,3,3,judgment_vs_bankruptcy,False,bankruptcy_collections_role_confusion
x0323,3,3,2,0,3,0,2,2,2,1,3,2,judgment_vs_bankruptcy,False,bankruptcy_collections_role_confusion
x0324,3,3,0,0,3,3,0,0,0,0,3,0,judgment_vs_bankruptcy,False,bankruptcy_collections_role_confusion
x0325,3,3,0,0,3,1,0,0,0,0,3,0,judgment_vs_bankruptcy,False,bankruptcy_collections_role_confusion
x0326,3,3,3,0,2,0,3,3,3,3,3,3,judgment_vs_bankruptcy,False,bankruptcy_collections_role_confusion
x0327,3,3,0,0,3,0,0,0,0,0,3,0,judgment_vs_bankruptcy,False,bankruptcy_collections_role_confusion
x0328,3,3,0,0,3,3,0,0,0,0,3,0,judgment_vs_bankruptcy,False,bankruptcy_collections_role_confusion
x0329,3,3,0,0,3,1,0,0,0,0,3,0,judgment_vs_bankruptcy,False,bankruptcy_collections_role_confusion
x0330,3,3,3,0,3,0,3,3,3,3,3,1,judgment_vs_bankruptcy,False,bankruptcy_collections_role_confusion
x0331,3,3,3,0,3,3,3,3,3,3,3,2,tenant_vs_landlord,False,
x0332,3,3,3,0,3,3,3,3,3,2,3,2,tenant_vs_landlord,False,
x0333,3,3,3,0,3,3,3,3,3,3,3,1,tenant_vs_landlord,False,
x0334,3,3,3,0,3,3,3,3,3,3,2,2,tenant_vs_landlord,False,
x0335,3,3,3,0,3,3,3,3,3,2,3,2,tenant_vs_landlord,False,
x0336,3,3,3,0,3,3,3,3,3,3,3,2,tenant_vs_landlord,False,
x0337,3,3,3,0,3,3,3,3,3,3,3,2,tenant_vs_landlord,False,
x0338,3,3,3,0,3,3,3,3,3,2,3,3,tenant_vs_landlord,False,
x0339,3,3,3,0,3,3,3,3,3,1,3,2,tenant_vs_landlord,False,
x0340,3,3,3,0,3,3,3,3,3,3,3,1,tenant_vs_landlord,False,
x0341,3,3,3,0,3,3,3,3,3,3,3,3,tenant_vs_landlord,False,
x0342,3,3,3,0,3,3,3,3,3,3,3,2,tenant_vs_landlord,False,
x0343,3,3,3,0,3,3,3,3,3,2,3,2,tenant_vs_landlord,False,
x0344,3,3,3,0,3,3,3,3,3,2,3,3,tenant_vs_landlord,False,
x0345,3,3,3,0,3,3,3,3,3,2,3,3,tenant_vs_landlord,False,
x0346,3,3,3,0,3,3,3,3,3,0,3,2,tenant_vs_landlord,False,
x0347,3,3,3,0,3,3,3,3,3,3,3,1,tenant_vs_landlord,False,
x0348,3,3,3,0,3,3,3,3,3,3,2,1,tenant_vs_landlord,False,
x0349,3,3,3,0,3,3,3,3,3,3,3,1,tenant_vs_landlord,False,
x0350,3,3,3,0,3,3,3,3,3,0,3,1,tenant_vs_landlord,False,
x0351,3,3,3,1,3,3,3,3,3,3,3,1,tenant_vs_landlord,False,
x0352,3,3,3,0,3,3,3,3,3,3,2,1,tenant_vs_landlord,False,
x0353,3,3,3,0,3,3,3,3,3,3,2,2,tenant_vs_landlord,False,
x0354,3,3,3,0,3,3,3,3,3,0,3,1,tenant_vs_landlord,False,
x0355,3,3,3,0,3,3,3,3,3,3,3,2,tenant_vs_landlord,False,
x0356,3,3,3,0,3,3,3,3,3,3,2,1,tenant_vs_landlord,False,
x0357,3,3,3,0,3,3,3,3,3,3,3,2,tenant_vs_landlord,False,
x0358,3,3,3,0,3,3,3,3,3,0,3,1,tenant_vs_landlord,False,
x0359,3,3,3,1,3,3,3,3,3,3,3,1,tenant_vs_landlord,False,
x0360,3,3,3,0,3,3,3,3,3,3,2,1,tenant_vs_landlord,False,
x0361,3,3,3,0,3,2,3,0,3,3,3,3,dui_vs_dmv,False,
x0362,3,3,2,0,2,0,2,2,2,2,3,2,dui_vs_dmv,False,
x0363,3,3,3,0,3,0,3,2,3,3,3,2,dui_vs_dmv,False,
x0364,3,3,3,0,3,0,3,1,3,3,2,2,dui_vs_dmv,False,
x0365,3,3,3,0,3,1,2,0,3,2,3,2,dui_vs_dmv,False,
x0366,3,3,2,0,3,0,2,2,2,2,3,1,dui_vs_dmv,False,
x0367,3,3,3,0,3,0,3,3,3,3,3,1,dui_vs_dmv,False,
x0368,3,3,3,0,3,0,3,3,3,3,3,1,dui_vs_dmv,False,
x0369,3,3,3,0,3,0,3,2,3,3,2,2,dui_vs_dmv,False,
x0370,3,3,3,0,0,0,3,3,3,3,2,2,dui_vs_dmv,False,
x0371,3,3,3,0,3,0,3,3,3,3,3,1,dui_vs_dmv,False,
x0372,3,3,3,0,3,0,3,2,3,3,2,2,dui_vs_dmv,False,
x0373,3,3,3,0,3,2,3,1,3,3,3,2,dui_vs_dmv,False,
x0374,3,3,3,0,3,0,3,3,3,3,3,2,dui_vs_dmv,False,
x0375,3,3,3,0,3,0,3,3,3,3,3,1,dui_vs_dmv,False,
x0376,3,3,3,0,3,3,2,0,3,0,3,2,dui_vs_dmv,False,
x0377,3,3,2,0,2,2,1,0,2,0,3,2,dui_vs_dmv,False,
x0378,3,3,3,0,3,3,0,0,3,0,2,1,dui_vs_dmv,False,
x0379,3,3,3,0,3,1,3,1,3,0,3,2,dui_vs_dmv,False,
x0380,3,3,3,0,3,3,3,0,3,0,3,2,dui_vs_dmv,False,
x0381,3,3,3,0,3,3,2,0,3,0,3,2,dui_vs_dmv,False,
x0382,3,3,3,0,3,3,0,0,3,0,1,2,dui_vs_dmv,False,
x0383,3,3,3,0,3,2,3,1,3,0,3,2,dui_vs_dmv,False,
x0384,3,3,3,0,3,3,3,0,3,0,3,1,dui_vs_dmv,False,
x0385,3,3,3,0,3,3,2,0,3,0,3,2,dui_vs_dmv,False,
x0386,3,3,3,0,3,3,0,0,3,0,3,2,dui_vs_dmv,False,
x0387,3,3,3,0,3,3,3,2,3,0,1,2,dui_vs_dmv,False,
x0388,3,3,3,0,3,3,2,0,3,0,3,2,dui_vs_dmv,False,
x0389,3,3,3,0,3,3,3,0,3,0,3,1,dui_vs_dmv,False,
x0390,3,3,3,0,3,3,0,0,3,0,3,3,dui_vs_dmv,False,
x0391,3,3,3,0,3,3,3,3,3,2,3,2,custody_vs_support,False,
x0392,3,3,3,0,3,3,3,3,3,3,2,1,custody_vs_support,False,
x0393,3,3,3,0,3,3,3,3,3,1,3,2,custody_vs_support,False,
x0394,3,3,1,0,3,3,1,1,1,0,3,1,custody_vs_support,False,
x0395,3,3,1,1,3,3,1,1,1,0,3,1,custody_vs_support,False,
x0396,3,3,3,0,3,3,3,3,3,3,1,1,custody_vs_support,False,
x0397,3,3,3,1,3,3,3,3,3,2,3,2,custody_vs_support,False,
x0398,3,3,0,3,3,3,0,0,0,0,3,0,custody_vs_support,False,
x0399,3,3,3,0,3,3,3,3,3,3,3,1,custody_vs_support,False,
x0400,3,3,3,0,3,3,3,3,3,3,2,1,custody_vs_support,False,
x0401,3,3,3,0,3,3,3,3,3,2,1,2,custody_vs_support,False,
x0402,3,3,0,2,3,3,0,0,0,0,3,0,custody_vs_support,False,
x0403,3,3,3,1,3,3,3,3,3,1,3,2,custody_vs_support,False,
x0404,3,3,3,0,3,3,3,3,3,3,1,1,custody_vs_support,False,
x0405,3,3,3,0,3,3,3,3,3,2,3,2,custody_vs_support,False,
x0406,3,3,3,0,3,3,3,3,3,3,3,1,custody_vs_support,False,
x0407,3,3,3,0,3,3,3,3,3,3,3,2,custody_vs_support,False,
x0408,3,3,3,0,3,3,3,3,3,3,3,2,custody_vs_support,False,
x0409,3,3,3,0,3,3,3,3,3,2,1,3,custody_vs_support,False,
x0410,3,3,3,0,3,3,3,3,3,3,3,1,custody_vs_support,False,
x0411,3,3,3,1,3,3,3,3,3,3,3,1,custody_vs_support,False,
x0412,3,3,3,1,3,3,3,3,3,3,3,1,custody_vs_support,False,
x0413,3,3,3,0,3,3,3,3,3,2,1,3,custody_vs_support,False,
x0414,3,3,3,0,3,3,3,3,3,3,3,2,custody_vs_support,False,
x0415,3,3,3,0,3,3,3,3,3,3,3,1,custody_vs_support,False,
x0416,3,3,3,0,3,3,3,3,3,3,3,1,custody_vs_support,False,
x0417,3,3,3,0,3,3,3,3,3,3,2,3,custody_vs_support,False,
x0418,3,3,3,0,3,3,3,3,3,3,2,1,custody_vs_support,False,
x0419,3,3,3,0,3,3,3,3,3,3,3,1,custody_vs_support,False,
x0420,3,3,3,0,3,3,3,3,3,3,3,1,custody_vs_support,False,
x0421,3,3,3,0,3,3,3,3,0,0,3,3,wages_vs_wrongful_discharge,False,
x0422,3,3,3,0,3,3,3,3,0,0,3,1,wages_vs_wrongful_discharge,False,
x0423,3,3,3,0,3,3,3,3,0,0,3,3,wages_vs_wrongful_discharge,False,
x0424,3,3,3,0,3,3,3,3,0,0,3,1,wages_vs_wrongful_discharge,False,
x0425,3,3,1,0,3,3,1,1,0,0,3,1,wages_vs_wrongful_discharge,False,
x0426,3,3,3,0,3,3,3,3,0,0,3,2,wages_vs_wrongful_discharge,False,
x0427,3,3,3,0,3,3,3,3,0,0,3,3,wages_vs_wrongful_discharge,False,
x0428,3,3,2,0,3,3,2,2,0,0,3,1,wages_vs_wrongful_discharge,False,
x0429,3,3,3,1,3,3,3,3,0,0,3,1,wages_vs_wrongful_discharge,False,
x0430,3,3,3,0,3,3,3,3,0,0,3,2,wages_vs_wrongful_discharge,False,
x0431,3,3,3,0,3,3,3,3,0,0,3,3,wages_vs_wrongful_discharge,False,
x0432,3,3,3,0,3,3,3,3,0,0,3,1,wages_vs_wrongful_discharge,False,
x0433,3,3,3,0,3,3,3,3,0,0,3,2,wages_vs_wrongful_discharge,False,
x0434,3,3,3,0,3,3,3,3,0,0,3,2,wages_vs_wrongful_discharge,False,
x0435,3,3,3,0,3,3,3,3,0,0,3,3,wages_vs_wrongful_discharge,False,
x0436,3,3,3,1,3,3,3,3,0,0,3,2,wages_vs_wrongful_discharge,False,
x0437,3,3,3,0,3,3,3,3,0,0,3,3,wages_vs_wrongful_discharge,False,
x0438,3,3,3,0,3,3,3,3,0,0,3,2,wages_vs_wrongful_discharge,False,
x0439,3,3,3,0,3,3,3,3,0,0,3,3,wages_vs_wrongful_discharge,False,
x0440,3,3,3,1,3,3,3,3,0,0,3,3,wages_vs_wrongful_discharge,False,
x0441,3,3,3,0,3,3,3,3,0,0,3,3,wages_vs_wrongful_discharge,False,
x0442,3,3,3,0,3,3,3,3,0,0,3,3,wages_vs_wrongful_discharge,False,
x0443,3,3,3,0,3,3,3,3,0,0,3,3,wages_vs_wrongful_discharge,False,
x0444,3,3,3,0,3,3,3,3,0,0,3,3,wages_vs_wrongful_discharge,False,
x0445,3,3,3,0,3,3,3,3,0,0,3,3,wages_vs_wrongful_discharge,False,
x0446,3,3,3,0,3,3,3,3,0,0,3,2,wages_vs_wrongful_discharge,False,
x0447,3,3,3,1,3,3,3,3,0,0,3,2,wages_vs_wrongful_discharge,False,
x0448,3,3,3,0,3,3,3,3,0,0,2,3,wages_vs_wrongful_discharge,False,
x0449,3,3,3,0,3,3,3,3,0,0,3,3,wages_vs_wrongful_discharge,False,
x0450,3,3,3,0,3,3,3,3,0,0,3,2,wages_vs_wrongful_discharge,False,
x0451,3,3,3,1,3,3,3,3,3,1,3,2,malpractice_vs_wrongful_death,False,
x0452,3,3,3,1,3,3,3,3,3,1,3,2,malpractice_vs_wrongful_death,False,
x0453,3,3,3,2,3,3,3,3,3,0,3,2,malpractice_vs_wrongful_death,False,
x0454,3,3,2,0,3,3,2,2,2,1,3,2,malpractice_vs_wrongful_death,False,
x0455,3,3,3,1,3,3,3,3,3,3,3,1,malpractice_vs_wrongful_death,False,
x0456,3,3,3,1,3,3,3,3,3,1,3,3,malpractice_vs_wrongful_death,False,
x0457,3,3,3,0,3,3,3,3,3,1,3,3,malpractice_vs_wrongful_death,False,
x0458,3,3,3,1,3,3,3,3,3,1,3,3,malpractice_vs_wrongful_death,False,
x0459,3,3,3,0,3,3,3,3,3,0,3,2,malpractice_vs_wrongful_death,False,
x0460,3,3,3,0,3,3,3,3,3,1,2,2,malpractice_vs_wrongful_death,False,
x0461,3,3,3,1,3,3,3,3,3,1,3,2,malpractice_vs_wrongful_death,False,
x0462,3,3,3,2,3,3,3,3,3,0,3,2,malpractice_vs_wrongful_death,False,
x0463,3,3,3,0,3,3,3,3,3,1,3,3,malpractice_vs_wrongful_death,False,
x0464,3,3,3,2,3,3,3,3,3,2,3,2,malpractice_vs_wrongful_death,False,
x0465,3,3,3,0,3,3,3,3,3,0,3,2,malpractice_vs_wrongful_death,False,
x0466,3,3,3,1,3,3,3,3,3,3,3,2,malpractice_vs_wrongful_death,False,
x0467,3,3,3,0,3,3,3,3,3,3,3,3,malpractice_vs_wrongful_death,False,
x0468,3,3,1,0,3,3,1,1,1,1,3,1,malpractice_vs_wrongful_death,False,
x0469,3,3,3,1,3,3,3,3,3,3,3,1,malpractice_vs_wrongful_death,False,
x0470,3,3,3,0,3,3,3,3,3,3,3,2,malpractice_vs_wrongful_death,False,
x0471,3,3,1,0,3,3,1,1,1,1,3,1,malpractice_vs_wrongful_death,False,
x0472,3,3,3,1,3,3,3,3,3,3,3,1,malpractice_vs_wrongful_death,False,
x0473,3,3,3,2,3,3,3,3,3,3,3,1,malpractice_vs_wrongful_death,False,
x0474,3,3,3,0,3,3,3,3,3,3,3,2,malpractice_vs_wrongful_death,False,
x0475,3,3,2,1,2,2,2,2,2,2,3,2,malpractice_vs_wrongful_death,False,
x0476,3,3,3,1,3,3,3,3,3,3,3,2,malpractice_vs_wrongful_death,False,
x0477,3,3,3,0,3,3,3,3,3,3,3,1,malpractice_vs_wrongful_death,False,
x0478,3,3,3,0,3,3,3,3,3,3,3,2,malpractice_vs_wrongful_death,False,
x0479,3,3,1,0,3,3,1,1,1,1,3,1,malpractice_vs_wrongful_death,False,
x0480,3,3,3,0,3,3,3,3,3,3,3,1,malpractice_vs_wrongful_death,False,
x0481,3,3,3,1,3,3,3,3,3,3,3,3,paternity_vs_custody,False,
x0482,3,3,3,0,3,3,3,3,3,0,3,3,paternity_vs_custody,False,
x0483,3,3,3,0,3,3,3,3,3,3,3,2,paternity_vs_custody,False,
x0484,3,3,3,0,3,3,3,3,3,3,3,1,paternity_vs_custody,False,
x0485,3,3,2,2,3,3,2,2,2,2,3,2,paternity_vs_custody,False,
x0486,3,3,3,1,3,3,3,3,3,0,3,2,paternity_vs_custody,False,
x0487,3,3,3,1,3,3,3,3,3,3,3,1,paternity_vs_custody,False,
x0488,3,3,3,0,3,3,3,3,3,3,3,2,paternity_vs_custody,False,
x0489,3,3,3,0,3,3,3,3,3,3,3,2,paternity_vs_custody,False,
x0490,3,3,2,0,3,3,2,2,2,2,3,2,paternity_vs_custody,False,
x0491,3,3,3,1,3,3,3,3,3,3,3,2,paternity_vs_custody,False,
x0492,3,3,3,0,3,3,3,3,3,3,3,1,paternity_vs_custody,False,
x0493,3,3,2,2,3,3,2,2,2,2,3,2,paternity_vs_custody,False,
x0494,3,3,2,0,3,3,2,2,2,0,3,2,paternity_vs_custody,False,
x0495,3,3,3,0,3,3,3,3,3,2,3,2,paternity_vs_custody,False,
x0496,3,3,2,3,3,3,2,2,2,0,3,2,paternity_vs_custody,False,
x0497,3,3,3,0,3,3,3,3,3,0,3,3,paternity_vs_custody,False,
x0498,3,3,0,0,3,3,0,0,0,0,2,0,paternity_vs_custody,False,
x0499,3,3,0,0,3,3,0,0,0,0,3,0,paternity_vs_custody,False,
x0500,3,3,2,2,3,3,2,2,2,0,3,2,paternity_vs_custody,False,
x0501,3,3,3,0,3,3,3,3,3,0,3,2,paternity_vs_custody,False,
x0502,3,3,0,1,3,3,0,0,0,0,3,0,paternity_vs_custody,False,
x0503,3,3,2,0,3,3,2,2,2,1,3,2,paternity_vs_custody,False,
x0504,3,3,3,1,3,3,3,3,3,0,3,1,paternity_vs_custody,False,
x0505,3,3,3,0,3,3,3,3,3,0,2,3,paternity_vs_custody,False,
x0506,3,3,0,2,3,3,0,0,0,0,3,0,paternity_vs_custody,False,
x0507,3,3,1,0,3,3,1,1,1,0,3,1,paternity_vs_custody,False,
x0508,3,3,3,0,3,3,3,3,3,0,3,1,paternity_vs_custody,False,
x0509,3,3,3,0,3,3,3,3,3,0,3,2,paternity_vs_custody,False,
x0510,3,3,1,0,3,3,1,1,1,0,3,1,paternity_vs_custody,False,
x0511,3,3,2,0,3,3,2,2,2,0,3,1,guardianship_vs_elder_abuse,False,
x0512,3,3,1,0,3,3,1,1,1,0,3,1,guardianship_vs_elder_abuse,False,
x0513,3,3,1,0,3,3,1,1,1,0,3,1,guardianship_vs_elder_abuse,False,
x0514,3,3,1,1,3,2,1,1,1,0,3,1,guardianship_vs_elder_abuse,False,
x0515,3,3,2,1,3,3,2,2,2,1,3,2,guardianship_vs_elder_abuse,False,
x0516,3,3,1,0,3,3,1,1,1,0,3,1,guardianship_vs_elder_abuse,False,
x0517,3,3,1,1,3,3,1,1,1,0,3,1,guardianship_vs_elder_abuse,False,
x0518,3,3,2,1,3,3,2,2,2,0,3,1,guardianship_vs_elder_abuse,False,
x0519,3,3,2,1,3,3,2,2,2,0,3,1,guardianship_vs_elder_abuse,False,
x0520,3,3,1,0,3,3,1,1,1,0,3,1,guardianship_vs_elder_abuse,False,
x0521,3,3,1,0,3,3,1,1,1,0,3,1,guardianship_vs_elder_abuse,False,
x0522,3,3,1,2,3,3,1,1,1,0,3,1,guardianship_vs_elder_abuse,False,
x0523,3,3,1,0,3,3,1,1,1,0,3,1,guardianship_vs_elder_abuse,False,
x0524,3,3,1,0,3,3,1,1,1,0,3,1,guardianship_vs_elder_abuse,False,
x0525,3,3,0,0,3,3,0,0,0,0,3,0,guardianship_vs_elder_abuse,False,
x0526,3,3,3,1,3,3,3,3,3,3,3,2,guardianship_vs_elder_abuse,False,
x0527,3,3,3,2,3,3,3,3,3,3,3,1,guardianship_vs_elder_abuse,False,
x0528,3,3,3,1,3,3,3,3,3,3,3,1,guardianship_vs_elder_abuse,False,
x0529,3,3,2,1,3,3,2,2,2,2,3,2,guardianship_vs_elder_abuse,False,
x0530,3,3,3,2,3,3,3,3,3,3,3,2,guardianship_vs_elder_abuse,False,
x0531,3,3,3,3,3,3,3,3,3,3,3,2,guardianship_vs_elder_abuse,False,
x0532,3,3,3,2,3,3,3,3,3,3,3,2,guardianship_vs_elder_abuse,False,
x0533,3,3,2,0,3,3,2,2,2,2,3,1,guardianship_vs_elder_abuse,False,
x0534,3,3,3,1,3,3,3,3,3,3,3,2,guardianship_vs_elder_abuse,False,
x0535,3,3,3,1,3,3,3,3,3,3,3,2,guardianship_vs_elder_abuse,False,
x0536,3,3,3,2,3,3,3,3,3,3,3,1,guardianship_vs_elder_abuse,False,
x0537,3,3,2,0,3,3,2,2,2,2,3,1,guardianship_vs_elder_abuse,False,
x0538,3,3,3,2,3,3,3,3,3,3,3,2,guardianship_vs_elder_abuse,False,
x0539,3,3,3,3,3,3,3,3,3,3,3,2,guardianship_vs_elder_abuse,False,
x0540,3,3,3,1,3,3,3,3,3,3,3,2,guardianship_vs_elder_abuse,False,
x0541,3,3,3,0,3,3,3,3,3,3,2,1,ssd_vs_ssi,False,
x0542,3,3,3,0,3,3,3,3,3,3,3,1,ssd_vs_ssi,False,
x0543,3,3,3,0,3,3,3,3,3,3,3,1,ssd_vs_ssi,False,
x0544,3,3,3,0,3,3,3,3,3,3,3,2,ssd_vs_ssi,False,
x0545,3,3,3,0,3,3,3,3,3,3,3,1,ssd_vs_ssi,False,
x0546,3,3,3,0,3,3,3,3,3,3,3,2,ssd_vs_ssi,False,
x0547,3,3,3,0,3,2,3,3,3,3,3,3,ssd_vs_ssi,False,
x0548,3,3,3,0,3,3,3,3,3,3,3,1,ssd_vs_ssi,False,
x0549,3,3,3,0,3,3,3,3,3,3,3,1,ssd_vs_ssi,False,
x0550,3,3,2,0,3,3,2,2,2,2,3,1,ssd_vs_ssi,False,
x0551,3,3,3,0,3,3,3,3,3,3,3,1,ssd_vs_ssi,False,
x0552,3,3,3,0,3,3,3,3,3,3,2,1,ssd_vs_ssi,False,
x0553,3,3,3,0,3,3,3,3,3,3,2,1,ssd_vs_ssi,False,
x0554,3,3,3,0,3,3,3,3,3,3,3,1,ssd_vs_ssi,False,
x0555,3,3,3,0,3,3,3,3,3,3,2,3,ssd_vs_ssi,False,
x0556,3,3,3,0,3,3,3,3,0,0,3,1,ssd_vs_ssi,False,
x0557,3,3,3,0,3,3,3,3,0,0,2,1,ssd_vs_ssi,False,
x0558,3,3,3,0,3,3,3,3,0,0,2,1,ssd_vs_ssi,False,
x0559,3,3,3,0,3,3,3,3,0,0,3,1,ssd_vs_ssi,False,
x0560,3,3,3,0,3,3,3,3,0,0,3,2,ssd_vs_ssi,False,
x0561,3,3,3,0,3,3,3,3,0,0,3,1,ssd_vs_ssi,False,
x0562,3,3,3,0,3,3,3,3,0,0,1,1,ssd_vs_ssi,False,
x0563,3,3,3,0,3,3,3,3,0,0,3,1,ssd_vs_ssi,False,
x0564,3,3,3,0,3,3,3,3,0,0,3,1,ssd_vs_ssi,False,
x0565,3,3,3,0,3,3,3,3,0,0,3,1,ssd_vs_ssi,False,
x0566,3,3,3,0,3,3,3,3,0,0,3,1,ssd_vs_ssi,False,
x0567,3,3,3,0,3,3,3,3,0,0,3,1,ssd_vs_ssi,False,
x0568,3,3,3,0,3,3,3,3,0,0,2,2,ssd_vs_ssi,False,
x0569,3,3,3,0,3,3,3,3,0,0,3,1,ssd_vs_ssi,False,
x0570,3,3,3,0,3,3,3,3,0,0,1,1,ssd_vs_ssi,False,
x0571,3,3,3,1,3,3,3,3,3,3,3,2,copyright_vs_patent,False,
x0572,3,3,3,1,3,3,3,3,3,1,3,2,copyright_vs_patent,False,
x0573,3,3,3,0,3,3,3,3,3,0,3,2,copyright_vs_patent,False,
x0574,3,3,3,0,3,3,3,3,3,3,2,2,copyright_vs_patent,False,
x0575,3,3,3,0,3,3,3,3,3,3,3,3,copyright_vs_patent,False,
x0576,3,3,3,2,3,3,3,3,3,2,3,3,copyright_vs_patent,False,
x0577,3,3,3,0,3,3,3,3,3,0,2,1,copyright_vs_patent,False,
x0578,3,3,3,0,3,3,3,3,3,3,2,2,copyright_vs_patent,False,
x0579,3,3,3,0,3,3,3,3,3,3,2,3,copyright_vs_patent,False,
x0580,3,3,3,0,3,3,3,3,3,1,3,3,copyright_vs_patent,False,
x0581,3,3,3,1,3,3,3,3,3,0,3,2,copyright_vs_patent,False,
x0582,3,3,3,0,3,3,3,3,3,3,2,2,copyright_vs_patent,False,
x0583,3,3,3,1,3,3,3,3,3,3,3,3,copyright_vs_patent,False,
x0584,3,3,3,1,3,3,3,3,3,3,3,2,copyright_vs_patent,False,
x0585,3,3,3,0,3,3,3,3,3,1,1,2,copyright_vs_patent,False,
x0586,3,3,3,2,3,3,3,3,3,1,3,3,copyright_vs_patent,False,
x0587,3,3,3,1,3,3,3,3,3,3,3,1,copyright_vs_patent,False,
x0588,3,3,3,0,3,3,3,3,3,3,2,3,copyright_vs_patent,False,
x0589,3,3,3,0,3,3,3,3,3,3,2,3,copyright_vs_patent,False,
x0590,3,3,3,0,3,3,3,3,3,3,3,2,copyright_vs_patent,False,
x0591,3,3,3,0,3,3,3,3,3,3,3,2,copyright_vs_patent,False,
x0592,3,3,3,1,3,3,3,3,3,3,3,2,copyright_vs_patent,False,
x0593,3,3,3,0,3,3,3,3,3,3,2,3,copyright_vs_patent,False,
x0594,3,3,3,0,3,3,3,3,3,2,3,2,copyright_vs_patent,False,
x0595,3,3,3,0,3,3,3,3,3,3,3,2,copyright_vs_patent,False,
x0596,3,3,3,0,3,3,3,3,3,3,2,3,copyright_vs_patent,False,
x0597,3,3,3,1,3,3,3,3,3,2,3,3,copyright_vs_patent,False,
x0598,3,3,3,1,3,3,3,3,3,3,3,1,copyright_vs_patent,False,
x0599,3,3,3,0,3,3,3,3,3,3,2,1,copyright_vs_patent,False,
x0600,3,3,3,0,3,3,3,3,3,3,2,2,copyright_vs_patent,False,
x0601,3,3,0,0,3,3,0,0,0,0,1,0,contractor_vs_small_claims,False,
x0602,3,3,1,0,3,3,1,0,1,1,3,1,contractor_vs_small_claims,False,
x0603,3,3,2,0,3,3,0,0,2,0,3,1,contractor_vs_small_claims,False,
x0604,3,3,2,0,2,0,2,1,2,0,3,2,contractor_vs_small_claims,False,
x0605,3,3,3,1,3,3,1,0,3,1,3,2,contractor_vs_small_claims,False,
x0606,3,3,2,0,3,3,1,0,2,1,3,2,contractor_vs_small_claims,False,
x0607,3,3,2,0,3,3,0,0,2,0,3,1,contractor_vs_small_claims,False,
x0608,3,3,2,0,2,0,2,2,2,1,3,2,contractor_vs_small_claims,False,
x0609,3,3,2,0,3,3,1,0,2,1,3,2,contractor_vs_small_claims,False,
x0610,3,3,1,0,3,3,1,0,1,0,3,1,contractor_vs_small_claims,False,
x0611,3,3,1,0,3,3,1,0,1,0,2,1,contractor_vs_small_claims,False,
x0612,3,3,0,0,2,0,0,0,0,0,3,0,contractor_vs_small_claims,False,
x0613,3,3,1,1,3,3,0,0,1,0,2,1,contractor_vs_small_claims,False,
x0614,3,3,2,0,3,3,1,0,2,1,3,2,contractor_vs_small_claims,False,
x0615,3,3,0,0,3,3,0,0,0,0,3,0,contractor_vs_small_claims,False,
x0616,3,3,3,0,3,2,3,2,3,3,2,2,contractor_vs_small_claims,False,
x0617,3,3,1,0,3,0,1,1,1,1,3,1,contractor_vs_small_claims,False,
x0618,3,3,3,0,3,0,3,3,3,3,3,1,contractor_vs_small_claims,False,
x0619,3,3,0,0,3,0,0,0,0,0,3,0,contractor_vs_small_claims,False,
x0620,3,3,3,0,3,1,3,2,3,3,3,2,contractor_vs_small_claims,False,
x0621,3,3,0,0,2,0,0,0,0,0,3,0,contractor_vs_small_claims,False,
x0622,3,3,3,0,3,0,3,3,3,3,3,2,contractor_vs_small_claims,False,
x0623,3,3,0,0,3,0,0,0,0,0,3,0,contractor_vs_small_claims,False,
x0624,3,3,2,0,3,2,2,2,2,2,3,1,contractor_vs_small_claims,False,
x0625,3,3,2,0,3,0,2,2,2,2,3,1,contractor_vs_small_claims,False,
x0626,3,3,3,0,3,0,3,3,3,3,3,1,contractor_vs_small_claims,False,
x0627,3,3,1,0,3,1,1,1,1,1,3,1,contractor_vs_small_claims,False,
x0628,3,3,3,0,3,0,3,2,3,3,3,3,contractor_vs_small_claims,False,
x0629,3,3,1,0,3,0,1,1,1,1,3,1,contractor_vs_small_claims,False,
x0630,3,3,3,0,3,0,3,3,3,3,3,1,contractor_vs_small_claims,False,
x0631,3,3,0,0,3,1,0,0,0,0,3,0,license_vs_employment_discrimination,False,employment_admin_ignores_hearing_signals
x0632,3,3,3,0,3,2,2,0,0,0,3,3,license_vs_employment_discrimination,False,employment_admin_ignores_hearing_signals
x0633,3,3,3,0,2,0,3,3,0,0,3,3,license_vs_employment_discrimination,False,employment_admin_ignores_hearing_signals
x0634,3,3,2,0,2,0,2,2,0,0,3,1,license_vs_employment_discrimination,False,employment_admin_ignores_hearing_signals
x0635,3,3,1,0,3,2,1,0,0,0,3,1,license_vs_employment_discrimination,False,employment_admin_ignores_hearing_signals
x0636,3,3,3,0,3,3,3,1,0,0,3,3,license_vs_employment_discrimination,False,employment_admin_ignores_hearing_signals
x0637,3,3,3,1,3,0,3,3,0,0,3,3,license_vs_employment_discrimination,False,employment_admin_ignores_hearing_signals
x0638,3,3,3,0,1,1,3,0,0,0,3,2,license_vs_employment_discrimination,False,employment_admin_ignores_hearing_signals
x0639,3,3,1,0,3,1,1,0,0,0,3,1,license_vs_employment_discrimination,False,employment_admin_ignores_hearing_signals
x0640,3,3,3,0,3,3,3,0,0,0,3,2,license_vs_employment_discrimination,False,employment_admin_ignores_hearing_signals
x0641,3,3,3,0,3,0,3,3,0,0,3,2,license_vs_employment_discrimination,False,employment_admin_ignores_hearing_signals
x0642,3,3,3,0,3,0,3,3,0,0,3,2,license_vs_employment_discrimination,False,employment_admin_ignores_hearing_signals
x0643,3,3,0,0,3,1,0,0,0,0,3,0,license_vs_employment_discrimination,False,employment_admin_ignores_hearing_signals
x0644,3,3,3,0,3,3,3,0,0,0,3,2,license_vs_employment_discrimination,False,employment_admin_ignores_hearing_signals
x0645,3,3,3,1,3,0,3,3,0,0,3,2,license_vs_employment_discrimination,False,employment_admin_ignores_hearing_signals
x0646,3,3,0,0,3,3,0,0,0,0,3,0,license_vs_employment_discrimination,False,employment_admin_ignores_hearing_signals
x0647,3,3,3,0,3,3,3,0,3,3,3,2,license_vs_employment_discrimination,False,employment_admin_ignores_hearing_signals
x0648,3,3,1,0,3,3,0,0,1,0,3,1,license_vs_employment_discrimination,False,employment_admin_ignores_hearing_signals
x0649,3,3,3,3,3,3,1,0,3,1,3,3,license_vs_employment_discrimination,False,employment_admin_ignores_hearing_signals
x0650,3,3,2,0,3,3,0,0,2,0,3,2,license_vs_employment_discrimination,False,employment_admin_ignores_hearing_signals
x0651,3,3,3,0,3,3,2,0,3,2,3,2,license_vs_employment_discrimination,False,employment_admin_ignores_hearing_signals
x0652,3,3,0,0,3,3,0,0,0,0,3,0,license_vs_employment_discrimination,False,employment_admin_ignores_hearing_signals
x0653,3,3,3,1,3,2,0,0,3,0,3,3,license_vs_employment_discrimination,False,employment_admin_ignores_hearing_signals
x0654,3,3,0,0,3,3,0,0,0,0,3,0,license_vs_employment_discrimination,False,employment_admin_ignores_hearing_signals
x0655,3,3,3,0,3,3,2,0,3,2,3,2,license_vs_employment_discrimination,False,employment_admin_ignores_hearing_signals
x0656,3,3,0,0,3,3,0,0,0,0,3,0,license_vs_employment_discrimination,False,employment_admin_ignores_hearing_signals
x0657,3,3,2,2,3,3,0,0,2,0,3,2,license_vs_employment_discrimination,False,employment_admin_ignores_hearing_signals
x0658,3,3,2,0,3,3,0,0,2,0,3,1,license_vs_employment_discrimination,False,employment_admin_ignores_hearing_signals
x0659,3,3,3,0,3,3,3,0,3,3,3,1,license_vs_employment_discrimination,False,employment_admin_ignores_hearing_signals
x0660,3,3,0,0,3,3,0,0,0,0,3,0,license_vs_employment_discrimination,False,employment_admin_ignores_hearing_signals
x0661,3,3,0,1,0,0,0,0,0,0,3,0,mold_vs_tenant,False,
x0662,3,3,3,0,1,0,3,3,3,3,3,1,mold_vs_tenant,False,
x0663,3,3,2,0,0,0,2,2,2,2,3,1,mold_vs_tenant,False,
x0664,3,3,3,0,3,3,3,3,3,3,3,3,mold_vs_tenant,False,
x0665,3,3,0,3,0,0,0,0,0,0,3,0,mold_vs_tenant,False,
x0666,3,3,3,0,3,0,3,3,3,3,3,1,mold_vs_tenant,False,
x0667,3,3,1,0,0,0,0,0,1,0,3,1,mold_vs_tenant,False,
x0668,3,3,3,0,3,2,3,3,3,3,3,3,mold_vs_tenant,False,
x0669,3,3,0,2,0,0,0,0,0,0,3,0,mold_vs_tenant,False,
x0670,3,3,2,0,3,0,2,2,2,2,3,1,mold_vs_tenant,False,
x0671,3,3,0,0,0,0,0,0,0,0,3,0,mold_vs_tenant,False,
x0672,3,3,3,1,3,3,3,3,3,3,3,2,mold_vs_tenant,False,
x0673,3,3,0,0,0,0,0,0,0,0,1,0,mold_vs_tenant,False,
x0674,3,3,3,0,3,0,3,3,3,3,3,1,mold_vs_tenant,False,
x0675,3,3,0,3,3,3,0,0,0,0,3,0,mold_vs_tenant,False,
x0676,3,3,0,0,3,3,0,0,0,0,3,0,mold_vs_tenant,False,
x0677,3,3,0,0,3,3,0,0,0,0,3,0,mold_vs_tenant,False,
x0678,3,3,1,0,3,3,0,0,1,0,3,1,mold_vs_tenant,False,
x0679,3,3,0,2,3,3,0,0,0,0,3,0,mold_vs_tenant,False,
x0680,3,3,0,0,3,3,0,0,0,0,3,0,mold_vs_tenant,False,
x0681,3,3,1,0,3,3,0,0,1,0,2,1,mold_vs_tenant,False,
x0682,3,3,0,0,3,3,0,0,0,0,2,0,mold_vs_tenant,False,
x0683,3,3,0,3,3,3,0,0,0,0,3,0,mold_vs_tenant,False,
x0684,3,3,1,0,3,3,0,0,1,0,3,1,mold_vs_tenant,False,
x0685,3,3,1,0,3,3,0,0,1,0,3,1,mold_vs_tenant,False,
x0686,3,3,0,0,3,3,0,0,0,0,2,0,mold_vs_tenant,False,
x0687,3,3,0,2,3,3,0,0,0,0,3,0,mold_vs_tenant,False,
x0688,3,3,0,0,3,3,0,0,0,0,3,0,mold_vs_tenant,False,
x0689,3,3,2,0,3,3,2,2,2,2,3,2,defamation_vs_online_harassment,False,
x0690,3,3,3,0,3,3,3,3,3,3,2,1,defamation_vs_online_harassment,False,
x0691,3,3,3,1,3,3,3,3,3,3,3,2,defamation_vs_online_harassment,False,
x0692,3,3,3,0,3,3,3,3,3,3,2,3,defamation_vs_online_harassment,False,
x0693,3,3,3,1,3,3,3,3,3,3,3,2,defamation_vs_online_harassment,False,
x0694,3,3,3,1,3,3,3,3,3,3,3,1,defamation_vs_online_harassment,False,
x0695,3,3,2,0,3,3,2,2,2,2,3,1,defamation_vs_online_harassment,False,
x0696,3,3,3,1,3,3,3,3,3,3,3,2,defamation_vs_online_harassment,False,
x0697,3,3,3,0,3,3,3,3,3,3,3,1,defamation_vs_online_harassment,False,
x0698,3,3,3,0,3,3,3,3,3,3,3,1,defamation_vs_online_harassment,False,
x0699,3,3,3,1,3,3,3,3,3,3,3,1,defamation_vs_online_harassment,False,
x0700,3,3,2,2,3,3,2,2,2,2,3,1,defamation_vs_online_harassment,False,
x0701,3,3,3,1,3,3,3,3,3,3,3,2,defamation_vs_online_harassment,False,
x0702,3,3,3,0,3,3,3,3,3,3,3,1,defamation_vs_online_harassment,False,
x0703,3,3,1,2,3,3,1,1,1,1,3,1,defamation_vs_online_harassment,False,
x0704,3,3,3,0,3,3,3,3,3,3,2,2,defamation_vs_online_harassment,False,
x0705,3,3,1,1,3,3,1,1,1,0,3,1,defamation_vs_online_harassment,False,
x0706,3,3,3,2,3,3,3,3,3,3,3,2,defamation_vs_online_harassment,False,
x0707,3,3,3,2,3,3,3,3,3,3,3,3,defamation_vs_online_harassment,False,
x0708,3,3,3,1,3,3,3,3,3,3,3,2,defamation_vs_online_harassment,False,
x0709,3,3,1,2,3,3,1,1,1,0,3,1,defamation_vs_online_harassment,False,
x0710,3,3,3,2,3,3,3,3,3,2,3,3,defamation_vs_online_harassment,False,
x0711,3,3,3,1,3,3,3,3,3,2,3,2,defamation_vs_online_harassment,False,
x0712,3,3,3,0,3,3,3,3,3,3,3,2,defamation_vs_online_harassment,False,
x0713,3,3,1,0,3,3,1,1,1,0,3,1,defamation_vs_online_harassment,False,
x0714,3,3,3,2,3,3,3,3,3,1,3,2,defamation_vs_online_harassment,False,
x0715,3,3,3,0,3,3,3,3,3,3,3,3,defamation_vs_online_harassment,False,
x0716,3,3,3,1,3,3,3,3,3,3,3,2,defamation_vs_online_harassment,False,
x0717,3,3,3,0,3,3,0,0,3,0,1,2,veterans_benefits_vs_va_loan,False,
x0718,3,3,3,0,3,3,1,0,3,1,3,2,veterans_benefits_vs_va_loan,False,
x0719,3,3,3,0,3,3,0,0,3,0,3,1,veterans_benefits_vs_va_loan,False,
x0720,3,3,0,0,3,3,0,0,0,0,3,0,veterans_benefits_vs_va_loan,False,
x0721,3,3,3,0,3,3,0,0,3,0,3,2,veterans_benefits_vs_va_loan,False,
x0722,3,3,3,0,3,3,0,0,3,0,3,1,veterans_benefits_vs_va_loan,False,
x0723,3,3,0,0,3,3,0,0,0,0,2,0,veterans_benefits_vs_va_loan,False,
x0724,3,3,1,0,3,3,0,0,1,0,2,1,veterans_benefits_vs_va_loan,False,
x0725,3,3,3,0,3,3,0,0,3,0,3,1,veterans_benefits_vs_va_loan,False,
x0726,3,3,3,0,3,3,2,0,3,2,3,2,veterans_benefits_vs_va_loan,False,
x0727,3,3,3,0,3,3,0,0,3,0,3,1,veterans_benefits_vs_va_loan,False,
x0728,3,3,1,0,3,3,0,0,1,0,2,1,veterans_benefits_vs_va_loan,False,
x0729,3,3,3,0,3,3,0,0,3,0,3,2,veterans_benefits_vs_va_loan,False,
x0730,3,3,2,0,3,3,0,0,2,0,3,1,veterans_benefits_vs_va_loan,False,
x0731,3,3,0,0,3,3,0,0,0,0,3,0,veterans_benefits_vs_va_loan,False,
x0732,3,3,0,0,3,3,0,0,0,0,3,0,veterans_benefits_vs_va_loan,False,
x0733,3,3,3,0,3,0,3,3,3,3,3,1,veterans_benefits_vs_va_loan,False,
x0734,3,3,1,0,3,3,0,0,1,0,3,1,veterans_benefits_vs_va_loan,False,
x0735,3,3,0,0,3,3,0,0,0,0,3,0,veterans_benefits_vs_va_loan,False,
x0736,3,3,0,0,3,3,0,0,0,0,2,0,veterans_benefits_vs_va_loan,False,
x0737,3,3,3,0,3,0,3,3,3,3,3,2,veterans_benefits_vs_va_loan,False,
x0738,3,3,2,0,3,3,2,1,2,2,3,2,veterans_benefits_vs_va_loan,False,
x0739,3,3,0,0,3,3,0,0,0,0,3,0,veterans_benefits_vs_va_loan,False,
x0740,3,3,0,0,3,3,0,0,0,0,3,0,veterans_benefits_vs_va_loan,False,
x0741,3,3,3,0,3,0,3,3,3,3,3,3,veterans_benefits_vs_va_loan,False,
x0742,3,3,2,0,3,2,2,0,2,2,3,2,veterans_benefits_vs_va_loan,False,
x0743,3,3,0,0,3,3,0,0,0,0,3,0,veterans_benefits_vs_va_loan,False,
x0744,3,3,0,0,3,3,0,0,0,0,3,0,veterans_benefits_vs_va_loan,False,
x0745,3,3,3,0,3,0,3,3,3,2,3,3,medicaid_vs_guardianship,False,
x0746,3,3,3,0,0,0,3,3,3,3,3,3,medicaid_vs_guardianship,False,
x0747,3,3,1,0,1,1,1,1,1,0,3,1,medicaid_vs_guardianship,False,
x0748,3,3,3,0,1,0,3,3,3,3,3,3,medicaid_vs_guardianship,False,
x0749,3,3,3,0,2,0,3,3,3,3,3,2,medicaid_vs_guardianship,False,
x0750,3,3,3,0,0,0,3,3,3,3,3,3,medicaid_vs_guardianship,False,
x0751,3,3,3,0,3,0,3,2,3,2,3,3,medicaid_vs_guardianship,False,
x0752,3,3,3,0,1,0,3,3,3,0,3,2,medicaid_vs_guardianship,False,
x0753,3,3,3,0,2,0,3,3,3,0,3,2,medicaid_vs_guardianship,False,
x0754,3,3,3,0,3,0,3,3,3,3,3,3,medicaid_vs_guardianship,False,
x0755,3,3,3,1,3,0,3,3,3,0,3,2,medicaid_vs_guardianship,False,
x0756,3,3,2,0,2,0,2,2,2,1,3,2,medicaid_vs_guardianship,False,
x0757,3,3,3,0,1,0,3,3,3,3,3,3,medicaid_vs_guardianship,False,
x0758,3,3,3,0,1,0,3,2,3,3,3,3,medicaid_vs_guardianship,False,
x0759,3,3,2,0,3,3,0,0,2,0,3,2,medicaid_vs_guardianship,False,
x0760,3,3,3,0,3,3,0,0,3,0,3,2,medicaid_vs_guardianship,False,
x0761,3,3,1,0,3,3,0,0,1,0,3,1,medicaid_vs_guardianship,False,
x0762,3,3,1,1,3,3,0,0,1,0,3,1,medicaid_vs_guardianship,False,
x0763,3,3,1,0,3,3,0,0,1,0,3,1,medicaid_vs_guardianship,False,
x0764,3,3,1,0,3,3,0,0,1,0,3,1,medicaid_vs_guardianship,False,
x0765,3,3,2,0,3,3,0,0,2,0,3,2,medicaid_vs_guardianship,False,
x0766,3,3,0,1,3,3,0,0,0,0,3,0,medicaid_vs_guardianship,False,
x0767,3,3,0,0,3,3,0,0,0,0,3,0,medicaid_vs_guardianship,False,
x0768,3,3,0,1,3,3,0,0,0,0,3,0,medicaid_vs_guardianship,False,
x0769,3,3,3,0,3,3,0,0,3,0,3,1,medicaid_vs_guardianship,False,
x0770,3,3,0,1,3,3,0,0,0,0,3,0,medicaid_vs_guardianship,False,
x0771,3,3,3,0,3,3,0,0,3,0,3,2,medicaid_vs_guardianship,False,
x0772,3,3,0,1,3,3,0,0,0,0,3,0,medicaid_vs_guardianship,False,
x0773,3,3,3,0,3,1,3,3,3,0,3,2,business_bankruptcy_vs_dissolution,False,bankruptcy_collections_role_confusion
x0774,3,3,2,0,0,0,1,1,2,0,3,2,business_bankruptcy_vs_dissolution,False,bankruptcy_collections_role_confusion
x0775,3,3,3,1,3,1,3,3,3,0,3,1,business_bankruptcy_vs_dissolution,False,bankruptcy_collections_role_confusion
x0776,3,3,2,0,3,3,2,0,2,0,3,1,business_bankruptcy_vs_dissolution,False,bankruptcy_collections_role_confusion
x0777,3,3,3,0,3,2,3,1,3,0,3,2,business_bankruptcy_vs_dissolution,False,bankruptcy_collections_role_confusion
x0778,3,3,3,0,0,0,3,3,3,0,3,2,business_bankruptcy_vs_dissolution,False,bankruptcy_collections_role_confusion
x0779,3,3,2,0,3,0,2,2,2,0,3,2,business_bankruptcy_vs_dissolution,False,bankruptcy_collections_role_confusion
x0780,3,3,1,0,3,3,1,0,1,0,3,1,business_bankruptcy_vs_dissolution,False,bankruptcy_collections_role_confusion
x0781,3,3,3,0,3,1,3,2,3,0,3,2,business_bankruptcy_vs_dissolution,False,bankruptcy_collections_role_confusion
x0782,3,3,2,0,0,0,2,2,2,0,3,2,business_bankruptcy_vs_dissolution,False,bankruptcy_collections_role_confusion
x0783,3,3,1,0,3,0,1,1,1,0,3,1,business_bankruptcy_vs_dissolution,False,bankruptcy_collections_role_confusion
x0784,3,3,1,0,3,3,1,0,1,0,3,1,business_bankruptcy_vs_dissolution,False,bankruptcy_collections_role_confusion
x0785,3,3,3,0,3,3,3,0,3,0,3,2,business_bankruptcy_vs_dissolution,False,bankruptcy_collections_role_confusion
x0786,3,3,3,0,0,0,3,3,3,0,3,2,business_bankruptcy_vs_dissolution,False,bankruptcy_collections_role_confusion
x0787,3,3,0,1,3,3,0,0,0,0,3,0,business_bankruptcy_vs_dissolution,False,bankruptcy_collections_role_confusion
x0788,3,3,2,0,3,3,0,0,2,0,3,2,business_bankruptcy_vs_dissolution,False,bankruptcy_collections_role_confusion
x0789,3,3,1,0,3,3,0,0,1,0,3,1,business_bankruptcy_vs_dissolution,False,bankruptcy_collections_role_confusion
x0790,3,3,1,0,3,3,0,0,1,0,3,1,business_bankruptcy_vs_dissolution,False,bankruptcy_collections_role_confusion
x0791,3,3,0,0,3,3,0,0,0,0,3,0,business_bankruptcy_vs_dissolution,False,bankruptcy_collections_role_confusion
x0792,3,3,2,0,3,3,0,0,2,0,3,1,business_bankruptcy_vs_dissolution,False,bankruptcy_collections_role_confusion
x0793,3,3,2,0,3,3,0,0,2,0,3,1,business_bankruptcy_vs_dissolution,False,bankruptcy_collections_role_confusion
x0794,3,3,0,0,3,3,0,0,0,0,3,0,business_bankruptcy_vs_dissolution,False,bankruptcy_collections_role_confusion
x0795,3,3,0,0,3,3,0,0,0,0,3,0,business_bankruptcy_vs_dissolution,False,bankruptcy_collections_role_confusion
x0796,3,3,1,0,3,3,0,0,1,0,3,1,business_bankruptcy_vs_dissolution,False,bankruptcy_collections_role_confusion
x0797,3,3,1,0,3,3,0,0,1,0,3,1,business_bankruptcy_vs_dissolution,False,bankruptcy_collections_role_confusion
x0798,3,3,0,0,3,3,0,0,0,0,3,0,business_bankruptcy_vs_dissolution,False,bankruptcy_collections_role_confusion
x0799,3,3,0,0,3,3,0,0,0,0,3,0,business_bankruptcy_vs_dissolution,False,bankruptcy_collections_role_confusion
x0800,3,3,0,1,3,3,0,0,0,0,3,0,business_bankruptcy_vs_dissolution,False,bankruptcy_collections_role_confusion
