story_index,canonical_source_row,left_rater,right_rater,pair_type,jaccard_distance,exact_set_match,absolute_label_count_difference
1,4,gpt52,gemini31_pro,llm_llm,0.0,1,0
1,4,gpt52,deepseek_v4,llm_llm,0.33333333333333337,0,1
1,4,gpt52,jackie,human_llm,0.33333333333333337,0,1
1,4,gpt52,qs,human_llm,0.33333333333333337,0,1
1,4,gemini31_pro,deepseek_v4,llm_llm,0.33333333333333337,0,1
1,4,gemini31_pro,jackie,human_llm,0.33333333333333337,0,1
1,4,gemini31_pro,qs,human_llm,0.33333333333333337,0,1
1,4,deepseek_v4,jackie,human_llm,0.6666666666666667,0,0
1,4,deepseek_v4,qs,human_llm,0.6666666666666667,0,0
1,4,jackie,qs,human_human,0.0,1,0
2,8,gpt52,gemini31_pro,llm_llm,0.0,1,0
2,8,gpt52,deepseek_v4,llm_llm,0.0,1,0
2,8,gpt52,jackie,human_llm,0.0,1,0
2,8,gpt52,qs,human_llm,0.0,1,0
2,8,gemini31_pro,deepseek_v4,llm_llm,0.0,1,0
2,8,gemini31_pro,jackie,human_llm,0.0,1,0
2,8,gemini31_pro,qs,human_llm,0.0,1,0
2,8,deepseek_v4,jackie,human_llm,0.0,1,0
2,8,deepseek_v4,qs,human_llm,0.0,1,0
2,8,jackie,qs,human_human,0.0,1,0
3,9,gpt52,gemini31_pro,llm_llm,0.33333333333333337,0,1
3,9,gpt52,deepseek_v4,llm_llm,0.33333333333333337,0,1
3,9,gpt52,jackie,human_llm,0.33333333333333337,0,1
3,9,gpt52,qs,human_llm,0.33333333333333337,0,1
3,9,gemini31_pro,deepseek_v4,llm_llm,0.6666666666666667,0,0
3,9,gemini31_pro,jackie,human_llm,0.6666666666666667,0,0
3,9,gemini31_pro,qs,human_llm,0.6666666666666667,0,0
3,9,deepseek_v4,jackie,human_llm,0.0,1,0
3,9,deepseek_v4,qs,human_llm,0.0,1,0
3,9,jackie,qs,human_human,0.0,1,0
4,10,gpt52,gemini31_pro,llm_llm,0.6666666666666667,0,0
4,10,gpt52,deepseek_v4,llm_llm,0.6666666666666667,0,0
4,10,gpt52,jackie,human_llm,0.0,1,0
4,10,gpt52,qs,human_llm,0.0,1,0
4,10,gemini31_pro,deepseek_v4,llm_llm,0.0,1,0
4,10,gemini31_pro,jackie,human_llm,0.6666666666666667,0,0
4,10,gemini31_pro,qs,human_llm,0.6666666666666667,0,0
4,10,deepseek_v4,jackie,human_llm,0.6666666666666667,0,0
4,10,deepseek_v4,qs,human_llm,0.6666666666666667,0,0
4,10,jackie,qs,human_human,0.0,1,0
5,12,gpt52,gemini31_pro,llm_llm,0.0,1,0
5,12,gpt52,deepseek_v4,llm_llm,0.0,1,0
5,12,gpt52,jackie,human_llm,0.0,1,0
5,12,gpt52,qs,human_llm,0.0,1,0
5,12,gemini31_pro,deepseek_v4,llm_llm,0.0,1,0
5,12,gemini31_pro,jackie,human_llm,0.0,1,0
5,12,gemini31_pro,qs,human_llm,0.0,1,0
5,12,deepseek_v4,jackie,human_llm,0.0,1,0
5,12,deepseek_v4,qs,human_llm,0.0,1,0
5,12,jackie,qs,human_human,0.0,1,0
6,14,gpt52,gemini31_pro,llm_llm,0.5,0,1
6,14,gpt52,deepseek_v4,llm_llm,0.5,0,1
6,14,gpt52,jackie,human_llm,0.0,1,0
6,14,gpt52,qs,human_llm,0.0,1,0
6,14,gemini31_pro,deepseek_v4,llm_llm,0.0,1,0
6,14,gemini31_pro,jackie,human_llm,0.5,0,1
6,14,gemini31_pro,qs,human_llm,0.5,0,1
6,14,deepseek_v4,jackie,human_llm,0.5,0,1
6,14,deepseek_v4,qs,human_llm,0.5,0,1
6,14,jackie,qs,human_human,0.0,1,0
7,17,gpt52,gemini31_pro,llm_llm,0.5,0,1
7,17,gpt52,deepseek_v4,llm_llm,0.5,0,1
7,17,gpt52,jackie,human_llm,0.5,0,1
7,17,gpt52,qs,human_llm,0.5,0,1
7,17,gemini31_pro,deepseek_v4,llm_llm,0.0,1,0
7,17,gemini31_pro,jackie,human_llm,0.0,1,0
7,17,gemini31_pro,qs,human_llm,0.0,1,0
7,17,deepseek_v4,jackie,human_llm,0.0,1,0
7,17,deepseek_v4,qs,human_llm,0.0,1,0
7,17,jackie,qs,human_human,0.0,1,0
8,22,gpt52,gemini31_pro,llm_llm,0.0,1,0
8,22,gpt52,deepseek_v4,llm_llm,0.5,0,1
8,22,gpt52,jackie,human_llm,0.5,0,1
8,22,gpt52,qs,human_llm,0.33333333333333337,0,1
8,22,gemini31_pro,deepseek_v4,llm_llm,0.5,0,1
8,22,gemini31_pro,jackie,human_llm,0.5,0,1
8,22,gemini31_pro,qs,human_llm,0.33333333333333337,0,1
8,22,deepseek_v4,jackie,human_llm,0.0,1,0
8,22,deepseek_v4,qs,human_llm,0.6666666666666667,0,2
8,22,jackie,qs,human_human,0.6666666666666667,0,2
9,23,gpt52,gemini31_pro,llm_llm,0.0,1,0
9,23,gpt52,deepseek_v4,llm_llm,0.5,0,1
9,23,gpt52,jackie,human_llm,0.0,1,0
9,23,gpt52,qs,human_llm,0.0,1,0
9,23,gemini31_pro,deepseek_v4,llm_llm,0.5,0,1
9,23,gemini31_pro,jackie,human_llm,0.0,1,0
9,23,gemini31_pro,qs,human_llm,0.0,1,0
9,23,deepseek_v4,jackie,human_llm,0.5,0,1
9,23,deepseek_v4,qs,human_llm,0.5,0,1
9,23,jackie,qs,human_human,0.0,1,0
10,24,gpt52,gemini31_pro,llm_llm,0.0,1,0
10,24,gpt52,deepseek_v4,llm_llm,0.0,1,0
10,24,gpt52,jackie,human_llm,0.0,1,0
10,24,gpt52,qs,human_llm,0.0,1,0
10,24,gemini31_pro,deepseek_v4,llm_llm,0.0,1,0
10,24,gemini31_pro,jackie,human_llm,0.0,1,0
10,24,gemini31_pro,qs,human_llm,0.0,1,0
10,24,deepseek_v4,jackie,human_llm,0.0,1,0
10,24,deepseek_v4,qs,human_llm,0.0,1,0
10,24,jackie,qs,human_human,0.0,1,0
11,27,gpt52,gemini31_pro,llm_llm,0.0,1,0
11,27,gpt52,deepseek_v4,llm_llm,0.0,1,0
11,27,gpt52,jackie,human_llm,0.0,1,0
11,27,gpt52,qs,human_llm,0.0,1,0
11,27,gemini31_pro,deepseek_v4,llm_llm,0.0,1,0
11,27,gemini31_pro,jackie,human_llm,0.0,1,0
11,27,gemini31_pro,qs,human_llm,0.0,1,0
11,27,deepseek_v4,jackie,human_llm,0.0,1,0
11,27,deepseek_v4,qs,human_llm,0.0,1,0
11,27,jackie,qs,human_human,0.0,1,0
12,28,gpt52,gemini31_pro,llm_llm,0.6666666666666667,0,0
12,28,gpt52,deepseek_v4,llm_llm,0.6666666666666667,0,0
12,28,gpt52,jackie,human_llm,0.5,0,1
12,28,gpt52,qs,human_llm,0.0,1,0
12,28,gemini31_pro,deepseek_v4,llm_llm,0.6666666666666667,0,0
12,28,gemini31_pro,jackie,human_llm,1.0,0,1
12,28,gemini31_pro,qs,human_llm,0.6666666666666667,0,0
12,28,deepseek_v4,jackie,human_llm,0.5,0,1
12,28,deepseek_v4,qs,human_llm,0.6666666666666667,0,0
12,28,jackie,qs,human_human,0.5,0,1
13,29,gpt52,gemini31_pro,llm_llm,0.5,0,1
13,29,gpt52,deepseek_v4,llm_llm,0.6666666666666667,0,0
13,29,gpt52,jackie,human_llm,0.6666666666666667,0,0
13,29,gpt52,qs,human_llm,0.5,0,1
13,29,gemini31_pro,deepseek_v4,llm_llm,0.5,0,1
13,29,gemini31_pro,jackie,human_llm,0.5,0,1
13,29,gemini31_pro,qs,human_llm,0.0,1,0
13,29,deepseek_v4,jackie,human_llm,0.6666666666666667,0,0
13,29,deepseek_v4,qs,human_llm,0.5,0,1
13,29,jackie,qs,human_human,0.5,0,1
14,31,gpt52,gemini31_pro,llm_llm,0.0,1,0
14,31,gpt52,deepseek_v4,llm_llm,0.0,1,0
14,31,gpt52,jackie,human_llm,0.0,1,0
14,31,gpt52,qs,human_llm,0.0,1,0
14,31,gemini31_pro,deepseek_v4,llm_llm,0.0,1,0
14,31,gemini31_pro,jackie,human_llm,0.0,1,0
14,31,gemini31_pro,qs,human_llm,0.0,1,0
14,31,deepseek_v4,jackie,human_llm,0.0,1,0
14,31,deepseek_v4,qs,human_llm,0.0,1,0
14,31,jackie,qs,human_human,0.0,1,0
15,33,gpt52,gemini31_pro,llm_llm,0.6666666666666667,0,0
15,33,gpt52,deepseek_v4,llm_llm,0.6666666666666667,0,0
15,33,gpt52,jackie,human_llm,0.0,1,0
15,33,gpt52,qs,human_llm,0.33333333333333337,0,1
15,33,gemini31_pro,deepseek_v4,llm_llm,0.0,1,0
15,33,gemini31_pro,jackie,human_llm,0.6666666666666667,0,0
15,33,gemini31_pro,qs,human_llm,0.33333333333333337,0,1
15,33,deepseek_v4,jackie,human_llm,0.6666666666666667,0,0
15,33,deepseek_v4,qs,human_llm,0.33333333333333337,0,1
15,33,jackie,qs,human_human,0.33333333333333337,0,1
16,38,gpt52,gemini31_pro,llm_llm,0.0,1,0
16,38,gpt52,deepseek_v4,llm_llm,0.0,1,0
16,38,gpt52,jackie,human_llm,0.0,1,0
16,38,gpt52,qs,human_llm,0.0,1,0
16,38,gemini31_pro,deepseek_v4,llm_llm,0.0,1,0
16,38,gemini31_pro,jackie,human_llm,0.0,1,0
16,38,gemini31_pro,qs,human_llm,0.0,1,0
16,38,deepseek_v4,jackie,human_llm,0.0,1,0
16,38,deepseek_v4,qs,human_llm,0.0,1,0
16,38,jackie,qs,human_human,0.0,1,0
17,40,gpt52,gemini31_pro,llm_llm,0.0,1,0
17,40,gpt52,deepseek_v4,llm_llm,0.0,1,0
17,40,gpt52,jackie,human_llm,0.0,1,0
17,40,gpt52,qs,human_llm,0.0,1,0
17,40,gemini31_pro,deepseek_v4,llm_llm,0.0,1,0
17,40,gemini31_pro,jackie,human_llm,0.0,1,0
17,40,gemini31_pro,qs,human_llm,0.0,1,0
17,40,deepseek_v4,jackie,human_llm,0.0,1,0
17,40,deepseek_v4,qs,human_llm,0.0,1,0
17,40,jackie,qs,human_human,0.0,1,0
18,41,gpt52,gemini31_pro,llm_llm,0.5,0,1
18,41,gpt52,deepseek_v4,llm_llm,0.0,1,0
18,41,gpt52,jackie,human_llm,0.5,0,1
18,41,gpt52,qs,human_llm,0.0,1,0
18,41,gemini31_pro,deepseek_v4,llm_llm,0.5,0,1
18,41,gemini31_pro,jackie,human_llm,1.0,0,0
18,41,gemini31_pro,qs,human_llm,0.5,0,1
18,41,deepseek_v4,jackie,human_llm,0.5,0,1
18,41,deepseek_v4,qs,human_llm,0.0,1,0
18,41,jackie,qs,human_human,0.5,0,1
19,43,gpt52,gemini31_pro,llm_llm,0.0,1,0
19,43,gpt52,deepseek_v4,llm_llm,0.33333333333333337,0,1
19,43,gpt52,jackie,human_llm,0.33333333333333337,0,1
19,43,gpt52,qs,human_llm,0.6666666666666667,0,2
19,43,gemini31_pro,deepseek_v4,llm_llm,0.33333333333333337,0,1
19,43,gemini31_pro,jackie,human_llm,0.33333333333333337,0,1
19,43,gemini31_pro,qs,human_llm,0.6666666666666667,0,2
19,43,deepseek_v4,jackie,human_llm,0.0,1,0
19,43,deepseek_v4,qs,human_llm,0.5,0,1
19,43,jackie,qs,human_human,0.5,0,1
20,46,gpt52,gemini31_pro,llm_llm,0.33333333333333337,0,1
20,46,gpt52,deepseek_v4,llm_llm,1.0,0,1
20,46,gpt52,jackie,human_llm,1.0,0,0
20,46,gpt52,qs,human_llm,0.6666666666666667,0,0
20,46,gemini31_pro,deepseek_v4,llm_llm,0.6666666666666667,0,2
20,46,gemini31_pro,jackie,human_llm,1.0,0,1
20,46,gemini31_pro,qs,human_llm,0.75,0,1
20,46,deepseek_v4,jackie,human_llm,1.0,0,1
20,46,deepseek_v4,qs,human_llm,1.0,0,1
20,46,jackie,qs,human_human,0.6666666666666667,0,0
21,47,gpt52,gemini31_pro,llm_llm,0.6666666666666667,0,2
21,47,gpt52,deepseek_v4,llm_llm,0.33333333333333337,0,1
21,47,gpt52,jackie,human_llm,0.33333333333333337,0,1
21,47,gpt52,qs,human_llm,0.33333333333333337,0,1
21,47,gemini31_pro,deepseek_v4,llm_llm,0.5,0,1
21,47,gemini31_pro,jackie,human_llm,0.5,0,1
21,47,gemini31_pro,qs,human_llm,0.5,0,1
21,47,deepseek_v4,jackie,human_llm,0.0,1,0
21,47,deepseek_v4,qs,human_llm,0.0,1,0
21,47,jackie,qs,human_human,0.0,1,0
22,51,gpt52,gemini31_pro,llm_llm,0.0,1,0
22,51,gpt52,deepseek_v4,llm_llm,0.33333333333333337,0,1
22,51,gpt52,jackie,human_llm,0.33333333333333337,0,1
22,51,gpt52,qs,human_llm,0.33333333333333337,0,1
22,51,gemini31_pro,deepseek_v4,llm_llm,0.33333333333333337,0,1
22,51,gemini31_pro,jackie,human_llm,0.33333333333333337,0,1
22,51,gemini31_pro,qs,human_llm,0.33333333333333337,0,1
22,51,deepseek_v4,jackie,human_llm,0.0,1,0
22,51,deepseek_v4,qs,human_llm,0.0,1,0
22,51,jackie,qs,human_human,0.0,1,0
23,54,gpt52,gemini31_pro,llm_llm,0.0,1,0
23,54,gpt52,deepseek_v4,llm_llm,0.0,1,0
23,54,gpt52,jackie,human_llm,0.0,1,0
23,54,gpt52,qs,human_llm,0.0,1,0
23,54,gemini31_pro,deepseek_v4,llm_llm,0.0,1,0
23,54,gemini31_pro,jackie,human_llm,0.0,1,0
23,54,gemini31_pro,qs,human_llm,0.0,1,0
23,54,deepseek_v4,jackie,human_llm,0.0,1,0
23,54,deepseek_v4,qs,human_llm,0.0,1,0
23,54,jackie,qs,human_human,0.0,1,0
24,56,gpt52,gemini31_pro,llm_llm,0.0,1,0
24,56,gpt52,deepseek_v4,llm_llm,0.5,0,1
24,56,gpt52,jackie,human_llm,0.5,0,1
24,56,gpt52,qs,human_llm,0.0,1,0
24,56,gemini31_pro,deepseek_v4,llm_llm,0.5,0,1
24,56,gemini31_pro,jackie,human_llm,0.5,0,1
24,56,gemini31_pro,qs,human_llm,0.0,1,0
24,56,deepseek_v4,jackie,human_llm,0.0,1,0
24,56,deepseek_v4,qs,human_llm,0.5,0,1
24,56,jackie,qs,human_human,0.5,0,1
25,59,gpt52,gemini31_pro,llm_llm,0.0,1,0
25,59,gpt52,deepseek_v4,llm_llm,0.0,1,0
25,59,gpt52,jackie,human_llm,0.0,1,0
25,59,gpt52,qs,human_llm,0.5,0,1
25,59,gemini31_pro,deepseek_v4,llm_llm,0.0,1,0
25,59,gemini31_pro,jackie,human_llm,0.0,1,0
25,59,gemini31_pro,qs,human_llm,0.5,0,1
25,59,deepseek_v4,jackie,human_llm,0.0,1,0
25,59,deepseek_v4,qs,human_llm,0.5,0,1
25,59,jackie,qs,human_human,0.5,0,1
26,61,gpt52,gemini31_pro,llm_llm,0.0,1,0
26,61,gpt52,deepseek_v4,llm_llm,0.5,0,1
26,61,gpt52,jackie,human_llm,0.0,1,0
26,61,gpt52,qs,human_llm,0.0,1,0
26,61,gemini31_pro,deepseek_v4,llm_llm,0.5,0,1
26,61,gemini31_pro,jackie,human_llm,0.0,1,0
26,61,gemini31_pro,qs,human_llm,0.0,1,0
26,61,deepseek_v4,jackie,human_llm,0.5,0,1
26,61,deepseek_v4,qs,human_llm,0.5,0,1
26,61,jackie,qs,human_human,0.0,1,0
27,62,gpt52,gemini31_pro,llm_llm,0.0,1,0
27,62,gpt52,deepseek_v4,llm_llm,0.5,0,1
27,62,gpt52,jackie,human_llm,0.5,0,1
27,62,gpt52,qs,human_llm,0.0,1,0
27,62,gemini31_pro,deepseek_v4,llm_llm,0.5,0,1
27,62,gemini31_pro,jackie,human_llm,0.5,0,1
27,62,gemini31_pro,qs,human_llm,0.0,1,0
27,62,deepseek_v4,jackie,human_llm,0.0,1,0
27,62,deepseek_v4,qs,human_llm,0.5,0,1
27,62,jackie,qs,human_human,0.5,0,1
28,63,gpt52,gemini31_pro,llm_llm,0.5,0,0
28,63,gpt52,deepseek_v4,llm_llm,0.33333333333333337,0,1
28,63,gpt52,jackie,human_llm,0.33333333333333337,0,1
28,63,gpt52,qs,human_llm,0.0,1,0
28,63,gemini31_pro,deepseek_v4,llm_llm,0.33333333333333337,0,1
28,63,gemini31_pro,jackie,human_llm,0.75,0,1
28,63,gemini31_pro,qs,human_llm,0.5,0,0
28,63,deepseek_v4,jackie,human_llm,0.6666666666666667,0,0
28,63,deepseek_v4,qs,human_llm,0.33333333333333337,0,1
28,63,jackie,qs,human_human,0.33333333333333337,0,1
29,66,gpt52,gemini31_pro,llm_llm,0.0,1,0
29,66,gpt52,deepseek_v4,llm_llm,0.6666666666666667,0,2
29,66,gpt52,jackie,human_llm,0.75,0,1
29,66,gpt52,qs,human_llm,0.0,1,0
29,66,gemini31_pro,deepseek_v4,llm_llm,0.6666666666666667,0,2
29,66,gemini31_pro,jackie,human_llm,0.75,0,1
29,66,gemini31_pro,qs,human_llm,0.0,1,0
29,66,deepseek_v4,jackie,human_llm,0.5,0,1
29,66,deepseek_v4,qs,human_llm,0.6666666666666667,0,2
29,66,jackie,qs,human_human,0.75,0,1
30,67,gpt52,gemini31_pro,llm_llm,0.5,0,1
30,67,gpt52,deepseek_v4,llm_llm,0.0,1,0
30,67,gpt52,jackie,human_llm,0.5,0,1
30,67,gpt52,qs,human_llm,0.0,1,0
30,67,gemini31_pro,deepseek_v4,llm_llm,0.5,0,1
30,67,gemini31_pro,jackie,human_llm,0.6666666666666667,0,0
30,67,gemini31_pro,qs,human_llm,0.5,0,1
30,67,deepseek_v4,jackie,human_llm,0.5,0,1
30,67,deepseek_v4,qs,human_llm,0.0,1,0
30,67,jackie,qs,human_human,0.5,0,1
31,69,gpt52,gemini31_pro,llm_llm,0.6666666666666667,0,0
31,69,gpt52,deepseek_v4,llm_llm,0.5,0,1
31,69,gpt52,jackie,human_llm,0.0,1,0
31,69,gpt52,qs,human_llm,0.0,1,0
31,69,gemini31_pro,deepseek_v4,llm_llm,0.5,0,1
31,69,gemini31_pro,jackie,human_llm,0.6666666666666667,0,0
31,69,gemini31_pro,qs,human_llm,0.6666666666666667,0,0
31,69,deepseek_v4,jackie,human_llm,0.5,0,1
31,69,deepseek_v4,qs,human_llm,0.5,0,1
31,69,jackie,qs,human_human,0.0,1,0
32,70,gpt52,gemini31_pro,llm_llm,0.5,0,0
32,70,gpt52,deepseek_v4,llm_llm,0.33333333333333337,0,1
32,70,gpt52,jackie,human_llm,0.33333333333333337,0,1
32,70,gpt52,qs,human_llm,0.33333333333333337,0,1
32,70,gemini31_pro,deepseek_v4,llm_llm,0.33333333333333337,0,1
32,70,gemini31_pro,jackie,human_llm,0.33333333333333337,0,1
32,70,gemini31_pro,qs,human_llm,0.33333333333333337,0,1
32,70,deepseek_v4,jackie,human_llm,0.0,1,0
32,70,deepseek_v4,qs,human_llm,0.0,1,0
32,70,jackie,qs,human_human,0.0,1,0
33,71,gpt52,gemini31_pro,llm_llm,0.5,0,0
33,71,gpt52,deepseek_v4,llm_llm,0.33333333333333337,0,1
33,71,gpt52,jackie,human_llm,0.33333333333333337,0,1
33,71,gpt52,qs,human_llm,0.33333333333333337,0,1
33,71,gemini31_pro,deepseek_v4,llm_llm,0.75,0,1
33,71,gemini31_pro,jackie,human_llm,0.75,0,1
33,71,gemini31_pro,qs,human_llm,0.75,0,1
33,71,deepseek_v4,jackie,human_llm,0.0,1,0
33,71,deepseek_v4,qs,human_llm,0.0,1,0
33,71,jackie,qs,human_human,0.0,1,0
34,73,gpt52,gemini31_pro,llm_llm,0.0,1,0
34,73,gpt52,deepseek_v4,llm_llm,0.6666666666666667,0,2
34,73,gpt52,jackie,human_llm,0.33333333333333337,0,1
34,73,gpt52,qs,human_llm,0.33333333333333337,0,1
34,73,gemini31_pro,deepseek_v4,llm_llm,0.6666666666666667,0,2
34,73,gemini31_pro,jackie,human_llm,0.33333333333333337,0,1
34,73,gemini31_pro,qs,human_llm,0.33333333333333337,0,1
34,73,deepseek_v4,jackie,human_llm,0.5,0,1
34,73,deepseek_v4,qs,human_llm,0.5,0,1
34,73,jackie,qs,human_human,0.0,1,0
35,74,gpt52,gemini31_pro,llm_llm,0.0,1,0
35,74,gpt52,deepseek_v4,llm_llm,0.5,0,1
35,74,gpt52,jackie,human_llm,0.5,0,1
35,74,gpt52,qs,human_llm,0.33333333333333337,0,1
35,74,gemini31_pro,deepseek_v4,llm_llm,0.5,0,1
35,74,gemini31_pro,jackie,human_llm,0.5,0,1
35,74,gemini31_pro,qs,human_llm,0.33333333333333337,0,1
35,74,deepseek_v4,jackie,human_llm,1.0,0,0
35,74,deepseek_v4,qs,human_llm,0.6666666666666667,0,2
35,74,jackie,qs,human_human,0.6666666666666667,0,2
36,83,gpt52,gemini31_pro,llm_llm,0.0,1,0
36,83,gpt52,deepseek_v4,llm_llm,0.0,1,0
36,83,gpt52,jackie,human_llm,0.0,1,0
36,83,gpt52,qs,human_llm,0.5,0,1
36,83,gemini31_pro,deepseek_v4,llm_llm,0.0,1,0
36,83,gemini31_pro,jackie,human_llm,0.0,1,0
36,83,gemini31_pro,qs,human_llm,0.5,0,1
36,83,deepseek_v4,jackie,human_llm,0.0,1,0
36,83,deepseek_v4,qs,human_llm,0.5,0,1
36,83,jackie,qs,human_human,0.5,0,1
37,94,gpt52,gemini31_pro,llm_llm,0.0,1,0
37,94,gpt52,deepseek_v4,llm_llm,0.0,1,0
37,94,gpt52,jackie,human_llm,0.0,1,0
37,94,gpt52,qs,human_llm,0.0,1,0
37,94,gemini31_pro,deepseek_v4,llm_llm,0.0,1,0
37,94,gemini31_pro,jackie,human_llm,0.0,1,0
37,94,gemini31_pro,qs,human_llm,0.0,1,0
37,94,deepseek_v4,jackie,human_llm,0.0,1,0
37,94,deepseek_v4,qs,human_llm,0.0,1,0
37,94,jackie,qs,human_human,0.0,1,0
38,96,gpt52,gemini31_pro,llm_llm,0.0,1,0
38,96,gpt52,deepseek_v4,llm_llm,0.6666666666666667,0,0
38,96,gpt52,jackie,human_llm,0.6666666666666667,0,0
38,96,gpt52,qs,human_llm,0.6666666666666667,0,0
38,96,gemini31_pro,deepseek_v4,llm_llm,0.6666666666666667,0,0
38,96,gemini31_pro,jackie,human_llm,0.6666666666666667,0,0
38,96,gemini31_pro,qs,human_llm,0.6666666666666667,0,0
38,96,deepseek_v4,jackie,human_llm,0.6666666666666667,0,0
38,96,deepseek_v4,qs,human_llm,0.6666666666666667,0,0
38,96,jackie,qs,human_human,0.0,1,0
39,108,gpt52,gemini31_pro,llm_llm,0.5,0,1
39,108,gpt52,deepseek_v4,llm_llm,0.0,1,0
39,108,gpt52,jackie,human_llm,0.5,0,1
39,108,gpt52,qs,human_llm,0.5,0,1
39,108,gemini31_pro,deepseek_v4,llm_llm,0.5,0,1
39,108,gemini31_pro,jackie,human_llm,0.0,1,0
39,108,gemini31_pro,qs,human_llm,0.0,1,0
39,108,deepseek_v4,jackie,human_llm,0.5,0,1
39,108,deepseek_v4,qs,human_llm,0.5,0,1
39,108,jackie,qs,human_human,0.0,1,0
40,110,gpt52,gemini31_pro,llm_llm,0.5,0,1
40,110,gpt52,deepseek_v4,llm_llm,0.0,1,0
40,110,gpt52,jackie,human_llm,0.5,0,1
40,110,gpt52,qs,human_llm,0.5,0,1
40,110,gemini31_pro,deepseek_v4,llm_llm,0.5,0,1
40,110,gemini31_pro,jackie,human_llm,0.0,1,0
40,110,gemini31_pro,qs,human_llm,0.0,1,0
40,110,deepseek_v4,jackie,human_llm,0.5,0,1
40,110,deepseek_v4,qs,human_llm,0.5,0,1
40,110,jackie,qs,human_human,0.0,1,0
41,125,gpt52,gemini31_pro,llm_llm,0.0,1,0
41,125,gpt52,deepseek_v4,llm_llm,0.5,0,1
41,125,gpt52,jackie,human_llm,0.5,0,1
41,125,gpt52,qs,human_llm,0.33333333333333337,0,1
41,125,gemini31_pro,deepseek_v4,llm_llm,0.5,0,1
41,125,gemini31_pro,jackie,human_llm,0.5,0,1
41,125,gemini31_pro,qs,human_llm,0.33333333333333337,0,1
41,125,deepseek_v4,jackie,human_llm,1.0,0,0
41,125,deepseek_v4,qs,human_llm,0.6666666666666667,0,2
41,125,jackie,qs,human_human,0.6666666666666667,0,2
42,126,gpt52,gemini31_pro,llm_llm,1.0,0,0
42,126,gpt52,deepseek_v4,llm_llm,0.5,0,1
42,126,gpt52,jackie,human_llm,0.5,0,1
42,126,gpt52,qs,human_llm,0.6666666666666667,0,0
42,126,gemini31_pro,deepseek_v4,llm_llm,1.0,0,1
42,126,gemini31_pro,jackie,human_llm,1.0,0,1
42,126,gemini31_pro,qs,human_llm,0.6666666666666667,0,0
42,126,deepseek_v4,jackie,human_llm,0.0,1,0
42,126,deepseek_v4,qs,human_llm,0.5,0,1
42,126,jackie,qs,human_human,0.5,0,1
43,128,gpt52,gemini31_pro,llm_llm,1.0,0,0
43,128,gpt52,deepseek_v4,llm_llm,0.5,0,1
43,128,gpt52,jackie,human_llm,1.0,0,1
43,128,gpt52,qs,human_llm,1.0,0,1
43,128,gemini31_pro,deepseek_v4,llm_llm,1.0,0,1
43,128,gemini31_pro,jackie,human_llm,0.75,0,1
43,128,gemini31_pro,qs,human_llm,0.5,0,1
43,128,deepseek_v4,jackie,human_llm,1.0,0,2
43,128,deepseek_v4,qs,human_llm,1.0,0,0
43,128,jackie,qs,human_human,1.0,0,2
44,129,gpt52,gemini31_pro,llm_llm,0.8,0,0
44,129,gpt52,deepseek_v4,llm_llm,0.6666666666666667,0,2
44,129,gpt52,jackie,human_llm,0.33333333333333337,0,1
44,129,gpt52,qs,human_llm,0.33333333333333337,0,1
44,129,gemini31_pro,deepseek_v4,llm_llm,0.6666666666666667,0,2
44,129,gemini31_pro,jackie,human_llm,0.75,0,1
44,129,gemini31_pro,qs,human_llm,0.75,0,1
44,129,deepseek_v4,jackie,human_llm,0.5,0,1
44,129,deepseek_v4,qs,human_llm,0.5,0,1
44,129,jackie,qs,human_human,0.0,1,0
45,136,gpt52,gemini31_pro,llm_llm,0.6666666666666667,0,0
45,136,gpt52,deepseek_v4,llm_llm,0.5,0,1
45,136,gpt52,jackie,human_llm,0.5,0,1
45,136,gpt52,qs,human_llm,0.6666666666666667,0,0
45,136,gemini31_pro,deepseek_v4,llm_llm,1.0,0,1
45,136,gemini31_pro,jackie,human_llm,0.5,0,1
45,136,gemini31_pro,qs,human_llm,0.6666666666666667,0,0
45,136,deepseek_v4,jackie,human_llm,1.0,0,0
45,136,deepseek_v4,qs,human_llm,1.0,0,1
45,136,jackie,qs,human_human,0.5,0,1
46,138,gpt52,gemini31_pro,llm_llm,0.6666666666666667,0,0
46,138,gpt52,deepseek_v4,llm_llm,0.5,0,1
46,138,gpt52,jackie,human_llm,0.6666666666666667,0,0
46,138,gpt52,qs,human_llm,0.6666666666666667,0,0
46,138,gemini31_pro,deepseek_v4,llm_llm,0.5,0,1
46,138,gemini31_pro,jackie,human_llm,0.0,1,0
46,138,gemini31_pro,qs,human_llm,0.0,1,0
46,138,deepseek_v4,jackie,human_llm,0.5,0,1
46,138,deepseek_v4,qs,human_llm,0.5,0,1
46,138,jackie,qs,human_human,0.0,1,0
47,140,gpt52,gemini31_pro,llm_llm,0.8,0,0
47,140,gpt52,deepseek_v4,llm_llm,1.0,0,2
47,140,gpt52,jackie,human_llm,0.33333333333333337,0,1
47,140,gpt52,qs,human_llm,0.5,0,0
47,140,gemini31_pro,deepseek_v4,llm_llm,0.6666666666666667,0,2
47,140,gemini31_pro,jackie,human_llm,0.75,0,1
47,140,gemini31_pro,qs,human_llm,0.5,0,0
47,140,deepseek_v4,jackie,human_llm,1.0,0,1
47,140,deepseek_v4,qs,human_llm,0.6666666666666667,0,2
47,140,jackie,qs,human_human,0.33333333333333337,0,1
48,145,gpt52,gemini31_pro,llm_llm,0.5,0,1
48,145,gpt52,deepseek_v4,llm_llm,0.0,1,0
48,145,gpt52,jackie,human_llm,0.5,0,1
48,145,gpt52,qs,human_llm,0.0,1,0
48,145,gemini31_pro,deepseek_v4,llm_llm,0.5,0,1
48,145,gemini31_pro,jackie,human_llm,0.6666666666666667,0,0
48,145,gemini31_pro,qs,human_llm,0.5,0,1
48,145,deepseek_v4,jackie,human_llm,0.5,0,1
48,145,deepseek_v4,qs,human_llm,0.0,1,0
48,145,jackie,qs,human_human,0.5,0,1
49,151,gpt52,gemini31_pro,llm_llm,0.0,1,0
49,151,gpt52,deepseek_v4,llm_llm,0.5,0,1
49,151,gpt52,jackie,human_llm,0.0,1,0
49,151,gpt52,qs,human_llm,0.0,1,0
49,151,gemini31_pro,deepseek_v4,llm_llm,0.5,0,1
49,151,gemini31_pro,jackie,human_llm,0.0,1,0
49,151,gemini31_pro,qs,human_llm,0.0,1,0
49,151,deepseek_v4,jackie,human_llm,0.5,0,1
49,151,deepseek_v4,qs,human_llm,0.5,0,1
49,151,jackie,qs,human_human,0.0,1,0
50,152,gpt52,gemini31_pro,llm_llm,0.0,1,0
50,152,gpt52,deepseek_v4,llm_llm,0.5,0,1
50,152,gpt52,jackie,human_llm,0.5,0,1
50,152,gpt52,qs,human_llm,0.0,1,0
50,152,gemini31_pro,deepseek_v4,llm_llm,0.5,0,1
50,152,gemini31_pro,jackie,human_llm,0.5,0,1
50,152,gemini31_pro,qs,human_llm,0.0,1,0
50,152,deepseek_v4,jackie,human_llm,1.0,0,0
50,152,deepseek_v4,qs,human_llm,0.5,0,1
50,152,jackie,qs,human_human,0.5,0,1
51,155,gpt52,gemini31_pro,llm_llm,0.6666666666666667,0,0
51,155,gpt52,deepseek_v4,llm_llm,0.5,0,1
51,155,gpt52,jackie,human_llm,0.6666666666666667,0,0
51,155,gpt52,qs,human_llm,0.6666666666666667,0,0
51,155,gemini31_pro,deepseek_v4,llm_llm,0.5,0,1
51,155,gemini31_pro,jackie,human_llm,0.0,1,0
51,155,gemini31_pro,qs,human_llm,0.0,1,0
51,155,deepseek_v4,jackie,human_llm,0.5,0,1
51,155,deepseek_v4,qs,human_llm,0.5,0,1
51,155,jackie,qs,human_human,0.0,1,0
52,156,gpt52,gemini31_pro,llm_llm,0.5,0,1
52,156,gpt52,deepseek_v4,llm_llm,0.5,0,1
52,156,gpt52,jackie,human_llm,0.0,1,0
52,156,gpt52,qs,human_llm,0.5,0,1
52,156,gemini31_pro,deepseek_v4,llm_llm,0.0,1,0
52,156,gemini31_pro,jackie,human_llm,0.5,0,1
52,156,gemini31_pro,qs,human_llm,0.0,1,0
52,156,deepseek_v4,jackie,human_llm,0.5,0,1
52,156,deepseek_v4,qs,human_llm,0.0,1,0
52,156,jackie,qs,human_human,0.5,0,1
53,157,gpt52,gemini31_pro,llm_llm,0.0,1,0
53,157,gpt52,deepseek_v4,llm_llm,0.5,0,1
53,157,gpt52,jackie,human_llm,0.0,1,0
53,157,gpt52,qs,human_llm,0.5,0,1
53,157,gemini31_pro,deepseek_v4,llm_llm,0.5,0,1
53,157,gemini31_pro,jackie,human_llm,0.0,1,0
53,157,gemini31_pro,qs,human_llm,0.5,0,1
53,157,deepseek_v4,jackie,human_llm,0.5,0,1
53,157,deepseek_v4,qs,human_llm,0.0,1,0
53,157,jackie,qs,human_human,0.5,0,1
54,165,gpt52,gemini31_pro,llm_llm,0.0,1,0
54,165,gpt52,deepseek_v4,llm_llm,0.0,1,0
54,165,gpt52,jackie,human_llm,0.0,1,0
54,165,gpt52,qs,human_llm,0.5,0,1
54,165,gemini31_pro,deepseek_v4,llm_llm,0.0,1,0
54,165,gemini31_pro,jackie,human_llm,0.0,1,0
54,165,gemini31_pro,qs,human_llm,0.5,0,1
54,165,deepseek_v4,jackie,human_llm,0.0,1,0
54,165,deepseek_v4,qs,human_llm,0.5,0,1
54,165,jackie,qs,human_human,0.5,0,1
55,166,gpt52,gemini31_pro,llm_llm,0.0,1,0
55,166,gpt52,deepseek_v4,llm_llm,0.0,1,0
55,166,gpt52,jackie,human_llm,0.0,1,0
55,166,gpt52,qs,human_llm,0.0,1,0
55,166,gemini31_pro,deepseek_v4,llm_llm,0.0,1,0
55,166,gemini31_pro,jackie,human_llm,0.0,1,0
55,166,gemini31_pro,qs,human_llm,0.0,1,0
55,166,deepseek_v4,jackie,human_llm,0.0,1,0
55,166,deepseek_v4,qs,human_llm,0.0,1,0
55,166,jackie,qs,human_human,0.0,1,0
56,172,gpt52,gemini31_pro,llm_llm,1.0,0,1
56,172,gpt52,deepseek_v4,llm_llm,0.5,0,1
56,172,gpt52,jackie,human_llm,0.5,0,1
56,172,gpt52,qs,human_llm,0.5,0,1
56,172,gemini31_pro,deepseek_v4,llm_llm,1.0,0,0
56,172,gemini31_pro,jackie,human_llm,1.0,0,0
56,172,gemini31_pro,qs,human_llm,1.0,0,0
56,172,deepseek_v4,jackie,human_llm,0.0,1,0
56,172,deepseek_v4,qs,human_llm,0.0,1,0
56,172,jackie,qs,human_human,0.0,1,0
57,176,gpt52,gemini31_pro,llm_llm,0.6666666666666667,0,0
57,176,gpt52,deepseek_v4,llm_llm,0.5,0,1
57,176,gpt52,jackie,human_llm,1.0,0,1
57,176,gpt52,qs,human_llm,1.0,0,1
57,176,gemini31_pro,deepseek_v4,llm_llm,0.5,0,1
57,176,gemini31_pro,jackie,human_llm,0.5,0,1
57,176,gemini31_pro,qs,human_llm,0.5,0,1
57,176,deepseek_v4,jackie,human_llm,1.0,0,0
57,176,deepseek_v4,qs,human_llm,1.0,0,0
57,176,jackie,qs,human_human,0.0,1,0
58,178,gpt52,gemini31_pro,llm_llm,0.0,1,0
58,178,gpt52,deepseek_v4,llm_llm,0.0,1,0
58,178,gpt52,jackie,human_llm,0.0,1,0
58,178,gpt52,qs,human_llm,0.0,1,0
58,178,gemini31_pro,deepseek_v4,llm_llm,0.0,1,0
58,178,gemini31_pro,jackie,human_llm,0.0,1,0
58,178,gemini31_pro,qs,human_llm,0.0,1,0
58,178,deepseek_v4,jackie,human_llm,0.0,1,0
58,178,deepseek_v4,qs,human_llm,0.0,1,0
58,178,jackie,qs,human_human,0.0,1,0
59,186,gpt52,gemini31_pro,llm_llm,0.0,1,0
59,186,gpt52,deepseek_v4,llm_llm,0.0,1,0
59,186,gpt52,jackie,human_llm,0.0,1,0
59,186,gpt52,qs,human_llm,0.0,1,0
59,186,gemini31_pro,deepseek_v4,llm_llm,0.0,1,0
59,186,gemini31_pro,jackie,human_llm,0.0,1,0
59,186,gemini31_pro,qs,human_llm,0.0,1,0
59,186,deepseek_v4,jackie,human_llm,0.0,1,0
59,186,deepseek_v4,qs,human_llm,0.0,1,0
59,186,jackie,qs,human_human,0.0,1,0
60,193,gpt52,gemini31_pro,llm_llm,0.5,0,0
60,193,gpt52,deepseek_v4,llm_llm,0.75,0,1
60,193,gpt52,jackie,human_llm,0.33333333333333337,0,1
60,193,gpt52,qs,human_llm,0.6666666666666667,0,2
60,193,gemini31_pro,deepseek_v4,llm_llm,0.33333333333333337,0,1
60,193,gemini31_pro,jackie,human_llm,0.75,0,1
60,193,gemini31_pro,qs,human_llm,0.6666666666666667,0,2
60,193,deepseek_v4,jackie,human_llm,0.6666666666666667,0,0
60,193,deepseek_v4,qs,human_llm,0.5,0,1
60,193,jackie,qs,human_human,0.5,0,1
61,196,gpt52,gemini31_pro,llm_llm,0.6666666666666667,0,2
61,196,gpt52,deepseek_v4,llm_llm,0.33333333333333337,0,1
61,196,gpt52,jackie,human_llm,0.6666666666666667,0,2
61,196,gpt52,qs,human_llm,0.6666666666666667,0,2
61,196,gemini31_pro,deepseek_v4,llm_llm,0.5,0,1
61,196,gemini31_pro,jackie,human_llm,1.0,0,0
61,196,gemini31_pro,qs,human_llm,0.0,1,0
61,196,deepseek_v4,jackie,human_llm,0.5,0,1
61,196,deepseek_v4,qs,human_llm,0.5,0,1
61,196,jackie,qs,human_human,1.0,0,0
62,198,gpt52,gemini31_pro,llm_llm,0.0,1,0
62,198,gpt52,deepseek_v4,llm_llm,0.5,0,1
62,198,gpt52,jackie,human_llm,0.5,0,1
62,198,gpt52,qs,human_llm,0.0,1,0
62,198,gemini31_pro,deepseek_v4,llm_llm,0.5,0,1
62,198,gemini31_pro,jackie,human_llm,0.5,0,1
62,198,gemini31_pro,qs,human_llm,0.0,1,0
62,198,deepseek_v4,jackie,human_llm,0.0,1,0
62,198,deepseek_v4,qs,human_llm,0.5,0,1
62,198,jackie,qs,human_human,0.5,0,1
63,202,gpt52,gemini31_pro,llm_llm,0.0,1,0
63,202,gpt52,deepseek_v4,llm_llm,0.5,0,1
63,202,gpt52,jackie,human_llm,0.5,0,1
63,202,gpt52,qs,human_llm,0.0,1,0
63,202,gemini31_pro,deepseek_v4,llm_llm,0.5,0,1
63,202,gemini31_pro,jackie,human_llm,0.5,0,1
63,202,gemini31_pro,qs,human_llm,0.0,1,0
63,202,deepseek_v4,jackie,human_llm,0.0,1,0
63,202,deepseek_v4,qs,human_llm,0.5,0,1
63,202,jackie,qs,human_human,0.5,0,1
64,206,gpt52,gemini31_pro,llm_llm,0.0,1,0
64,206,gpt52,deepseek_v4,llm_llm,0.5,0,1
64,206,gpt52,jackie,human_llm,0.5,0,1
64,206,gpt52,qs,human_llm,0.5,0,1
64,206,gemini31_pro,deepseek_v4,llm_llm,0.5,0,1
64,206,gemini31_pro,jackie,human_llm,0.5,0,1
64,206,gemini31_pro,qs,human_llm,0.5,0,1
64,206,deepseek_v4,jackie,human_llm,1.0,0,0
64,206,deepseek_v4,qs,human_llm,1.0,0,0
64,206,jackie,qs,human_human,0.0,1,0
65,212,gpt52,gemini31_pro,llm_llm,0.33333333333333337,0,1
65,212,gpt52,deepseek_v4,llm_llm,1.0,0,2
65,212,gpt52,jackie,human_llm,0.75,0,1
65,212,gpt52,qs,human_llm,0.75,0,1
65,212,gemini31_pro,deepseek_v4,llm_llm,1.0,0,1
65,212,gemini31_pro,jackie,human_llm,0.6666666666666667,0,0
65,212,gemini31_pro,qs,human_llm,0.6666666666666667,0,0
65,212,deepseek_v4,jackie,human_llm,0.5,0,1
65,212,deepseek_v4,qs,human_llm,0.5,0,1
65,212,jackie,qs,human_human,0.6666666666666667,0,0
66,213,gpt52,gemini31_pro,llm_llm,0.5,0,0
66,213,gpt52,deepseek_v4,llm_llm,0.75,0,1
66,213,gpt52,jackie,human_llm,0.75,0,1
66,213,gpt52,qs,human_llm,0.5,0,0
66,213,gemini31_pro,deepseek_v4,llm_llm,0.75,0,1
66,213,gemini31_pro,jackie,human_llm,0.33333333333333337,0,1
66,213,gemini31_pro,qs,human_llm,0.8,0,0
66,213,deepseek_v4,jackie,human_llm,0.6666666666666667,0,0
66,213,deepseek_v4,qs,human_llm,0.33333333333333337,0,1
66,213,jackie,qs,human_human,0.75,0,1
67,215,gpt52,gemini31_pro,llm_llm,0.0,1,0
67,215,gpt52,deepseek_v4,llm_llm,1.0,0,1
67,215,gpt52,jackie,human_llm,0.6666666666666667,0,0
67,215,gpt52,qs,human_llm,1.0,0,1
67,215,gemini31_pro,deepseek_v4,llm_llm,1.0,0,1
67,215,gemini31_pro,jackie,human_llm,0.6666666666666667,0,0
67,215,gemini31_pro,qs,human_llm,1.0,0,1
67,215,deepseek_v4,jackie,human_llm,0.5,0,1
67,215,deepseek_v4,qs,human_llm,0.0,1,0
67,215,jackie,qs,human_human,0.5,0,1
68,225,gpt52,gemini31_pro,llm_llm,0.0,1,0
68,225,gpt52,deepseek_v4,llm_llm,0.0,1,0
68,225,gpt52,jackie,human_llm,0.0,1,0
68,225,gpt52,qs,human_llm,0.0,1,0
68,225,gemini31_pro,deepseek_v4,llm_llm,0.0,1,0
68,225,gemini31_pro,jackie,human_llm,0.0,1,0
68,225,gemini31_pro,qs,human_llm,0.0,1,0
68,225,deepseek_v4,jackie,human_llm,0.0,1,0
68,225,deepseek_v4,qs,human_llm,0.0,1,0
68,225,jackie,qs,human_human,0.0,1,0
69,232,gpt52,gemini31_pro,llm_llm,0.5,0,1
69,232,gpt52,deepseek_v4,llm_llm,0.0,1,0
69,232,gpt52,jackie,human_llm,0.6666666666666667,0,0
69,232,gpt52,qs,human_llm,0.0,1,0
69,232,gemini31_pro,deepseek_v4,llm_llm,0.5,0,1
69,232,gemini31_pro,jackie,human_llm,0.5,0,1
69,232,gemini31_pro,qs,human_llm,0.5,0,1
69,232,deepseek_v4,jackie,human_llm,0.6666666666666667,0,0
69,232,deepseek_v4,qs,human_llm,0.0,1,0
69,232,jackie,qs,human_human,0.6666666666666667,0,0
70,233,gpt52,gemini31_pro,llm_llm,0.0,1,0
70,233,gpt52,deepseek_v4,llm_llm,0.0,1,0
70,233,gpt52,jackie,human_llm,0.33333333333333337,0,1
70,233,gpt52,qs,human_llm,0.33333333333333337,0,1
70,233,gemini31_pro,deepseek_v4,llm_llm,0.0,1,0
70,233,gemini31_pro,jackie,human_llm,0.33333333333333337,0,1
70,233,gemini31_pro,qs,human_llm,0.33333333333333337,0,1
70,233,deepseek_v4,jackie,human_llm,0.33333333333333337,0,1
70,233,deepseek_v4,qs,human_llm,0.33333333333333337,0,1
70,233,jackie,qs,human_human,0.0,1,0
71,234,gpt52,gemini31_pro,llm_llm,0.33333333333333337,0,1
71,234,gpt52,deepseek_v4,llm_llm,0.0,1,0
71,234,gpt52,jackie,human_llm,0.33333333333333337,0,1
71,234,gpt52,qs,human_llm,0.0,1,0
71,234,gemini31_pro,deepseek_v4,llm_llm,0.33333333333333337,0,1
71,234,gemini31_pro,jackie,human_llm,0.5,0,0
71,234,gemini31_pro,qs,human_llm,0.33333333333333337,0,1
71,234,deepseek_v4,jackie,human_llm,0.33333333333333337,0,1
71,234,deepseek_v4,qs,human_llm,0.0,1,0
71,234,jackie,qs,human_human,0.33333333333333337,0,1
72,240,gpt52,gemini31_pro,llm_llm,0.0,1,0
72,240,gpt52,deepseek_v4,llm_llm,0.0,1,0
72,240,gpt52,jackie,human_llm,0.0,1,0
72,240,gpt52,qs,human_llm,0.0,1,0
72,240,gemini31_pro,deepseek_v4,llm_llm,0.0,1,0
72,240,gemini31_pro,jackie,human_llm,0.0,1,0
72,240,gemini31_pro,qs,human_llm,0.0,1,0
72,240,deepseek_v4,jackie,human_llm,0.0,1,0
72,240,deepseek_v4,qs,human_llm,0.0,1,0
72,240,jackie,qs,human_human,0.0,1,0
73,252,gpt52,gemini31_pro,llm_llm,0.33333333333333337,0,1
73,252,gpt52,deepseek_v4,llm_llm,0.33333333333333337,0,1
73,252,gpt52,jackie,human_llm,0.33333333333333337,0,1
73,252,gpt52,qs,human_llm,0.75,0,1
73,252,gemini31_pro,deepseek_v4,llm_llm,0.0,1,0
73,252,gemini31_pro,jackie,human_llm,0.0,1,0
73,252,gemini31_pro,qs,human_llm,0.6666666666666667,0,0
73,252,deepseek_v4,jackie,human_llm,0.0,1,0
73,252,deepseek_v4,qs,human_llm,0.6666666666666667,0,0
73,252,jackie,qs,human_human,0.6666666666666667,0,0
74,255,gpt52,gemini31_pro,llm_llm,0.5,0,1
74,255,gpt52,deepseek_v4,llm_llm,0.5,0,1
74,255,gpt52,jackie,human_llm,1.0,0,1
74,255,gpt52,qs,human_llm,0.75,0,1
74,255,gemini31_pro,deepseek_v4,llm_llm,1.0,0,0
74,255,gemini31_pro,jackie,human_llm,1.0,0,0
74,255,gemini31_pro,qs,human_llm,1.0,0,2
74,255,deepseek_v4,jackie,human_llm,1.0,0,0
74,255,deepseek_v4,qs,human_llm,0.6666666666666667,0,2
74,255,jackie,qs,human_human,0.6666666666666667,0,2
75,256,gpt52,gemini31_pro,llm_llm,0.75,0,1
75,256,gpt52,deepseek_v4,llm_llm,0.5,0,1
75,256,gpt52,jackie,human_llm,0.0,1,0
75,256,gpt52,qs,human_llm,0.5,0,1
75,256,gemini31_pro,deepseek_v4,llm_llm,0.6666666666666667,0,2
75,256,gemini31_pro,jackie,human_llm,0.75,0,1
75,256,gemini31_pro,qs,human_llm,0.6666666666666667,0,2
75,256,deepseek_v4,jackie,human_llm,0.5,0,1
75,256,deepseek_v4,qs,human_llm,0.0,1,0
75,256,jackie,qs,human_human,0.5,0,1
76,261,gpt52,gemini31_pro,llm_llm,0.0,1,0
76,261,gpt52,deepseek_v4,llm_llm,0.5,0,1
76,261,gpt52,jackie,human_llm,0.5,0,1
76,261,gpt52,qs,human_llm,0.5,0,1
76,261,gemini31_pro,deepseek_v4,llm_llm,0.5,0,1
76,261,gemini31_pro,jackie,human_llm,0.5,0,1
76,261,gemini31_pro,qs,human_llm,0.5,0,1
76,261,deepseek_v4,jackie,human_llm,0.0,1,0
76,261,deepseek_v4,qs,human_llm,0.0,1,0
76,261,jackie,qs,human_human,0.0,1,0
77,266,gpt52,gemini31_pro,llm_llm,0.0,1,0
77,266,gpt52,deepseek_v4,llm_llm,0.5,0,1
77,266,gpt52,jackie,human_llm,0.5,0,1
77,266,gpt52,qs,human_llm,0.0,1,0
77,266,gemini31_pro,deepseek_v4,llm_llm,0.5,0,1
77,266,gemini31_pro,jackie,human_llm,0.5,0,1
77,266,gemini31_pro,qs,human_llm,0.0,1,0
77,266,deepseek_v4,jackie,human_llm,1.0,0,0
77,266,deepseek_v4,qs,human_llm,0.5,0,1
77,266,jackie,qs,human_human,0.5,0,1
78,269,gpt52,gemini31_pro,llm_llm,0.5,0,1
78,269,gpt52,deepseek_v4,llm_llm,0.5,0,1
78,269,gpt52,jackie,human_llm,1.0,0,1
78,269,gpt52,qs,human_llm,0.6666666666666667,0,0
78,269,gemini31_pro,deepseek_v4,llm_llm,0.0,1,0
78,269,gemini31_pro,jackie,human_llm,1.0,0,0
78,269,gemini31_pro,qs,human_llm,0.5,0,1
78,269,deepseek_v4,jackie,human_llm,1.0,0,0
78,269,deepseek_v4,qs,human_llm,0.5,0,1
78,269,jackie,qs,human_human,0.5,0,1
79,279,gpt52,gemini31_pro,llm_llm,0.0,1,0
79,279,gpt52,deepseek_v4,llm_llm,0.5,0,1
79,279,gpt52,jackie,human_llm,0.5,0,1
79,279,gpt52,qs,human_llm,0.33333333333333337,0,1
79,279,gemini31_pro,deepseek_v4,llm_llm,0.5,0,1
79,279,gemini31_pro,jackie,human_llm,0.5,0,1
79,279,gemini31_pro,qs,human_llm,0.33333333333333337,0,1
79,279,deepseek_v4,jackie,human_llm,1.0,0,0
79,279,deepseek_v4,qs,human_llm,0.6666666666666667,0,2
79,279,jackie,qs,human_human,0.6666666666666667,0,2
80,280,gpt52,gemini31_pro,llm_llm,0.75,0,1
80,280,gpt52,deepseek_v4,llm_llm,0.6666666666666667,0,0
80,280,gpt52,jackie,human_llm,0.0,1,0
80,280,gpt52,qs,human_llm,0.0,1,0
80,280,gemini31_pro,deepseek_v4,llm_llm,0.75,0,1
80,280,gemini31_pro,jackie,human_llm,0.75,0,1
80,280,gemini31_pro,qs,human_llm,0.75,0,1
80,280,deepseek_v4,jackie,human_llm,0.6666666666666667,0,0
80,280,deepseek_v4,qs,human_llm,0.6666666666666667,0,0
80,280,jackie,qs,human_human,0.0,1,0
81,290,gpt52,gemini31_pro,llm_llm,0.0,1,0
81,290,gpt52,deepseek_v4,llm_llm,0.33333333333333337,0,1
81,290,gpt52,jackie,human_llm,0.0,1,0
81,290,gpt52,qs,human_llm,0.0,1,0
81,290,gemini31_pro,deepseek_v4,llm_llm,0.33333333333333337,0,1
81,290,gemini31_pro,jackie,human_llm,0.0,1,0
81,290,gemini31_pro,qs,human_llm,0.0,1,0
81,290,deepseek_v4,jackie,human_llm,0.33333333333333337,0,1
81,290,deepseek_v4,qs,human_llm,0.33333333333333337,0,1
81,290,jackie,qs,human_human,0.0,1,0
82,294,gpt52,gemini31_pro,llm_llm,0.0,1,0
82,294,gpt52,deepseek_v4,llm_llm,0.5,0,1
82,294,gpt52,jackie,human_llm,0.0,1,0
82,294,gpt52,qs,human_llm,0.0,1,0
82,294,gemini31_pro,deepseek_v4,llm_llm,0.5,0,1
82,294,gemini31_pro,jackie,human_llm,0.0,1,0
82,294,gemini31_pro,qs,human_llm,0.0,1,0
82,294,deepseek_v4,jackie,human_llm,0.5,0,1
82,294,deepseek_v4,qs,human_llm,0.5,0,1
82,294,jackie,qs,human_human,0.0,1,0
83,299,gpt52,gemini31_pro,llm_llm,0.5,0,1
83,299,gpt52,deepseek_v4,llm_llm,0.5,0,1
83,299,gpt52,jackie,human_llm,0.0,1,0
83,299,gpt52,qs,human_llm,0.5,0,1
83,299,gemini31_pro,deepseek_v4,llm_llm,0.0,1,0
83,299,gemini31_pro,jackie,human_llm,0.5,0,1
83,299,gemini31_pro,qs,human_llm,0.0,1,0
83,299,deepseek_v4,jackie,human_llm,0.5,0,1
83,299,deepseek_v4,qs,human_llm,0.0,1,0
83,299,jackie,qs,human_human,0.5,0,1
84,300,gpt52,gemini31_pro,llm_llm,0.0,1,0
84,300,gpt52,deepseek_v4,llm_llm,0.5,0,1
84,300,gpt52,jackie,human_llm,0.0,1,0
84,300,gpt52,qs,human_llm,0.0,1,0
84,300,gemini31_pro,deepseek_v4,llm_llm,0.5,0,1
84,300,gemini31_pro,jackie,human_llm,0.0,1,0
84,300,gemini31_pro,qs,human_llm,0.0,1,0
84,300,deepseek_v4,jackie,human_llm,0.5,0,1
84,300,deepseek_v4,qs,human_llm,0.5,0,1
84,300,jackie,qs,human_human,0.0,1,0
85,307,gpt52,gemini31_pro,llm_llm,0.0,1,0
85,307,gpt52,deepseek_v4,llm_llm,0.5,0,1
85,307,gpt52,jackie,human_llm,0.5,0,1
85,307,gpt52,qs,human_llm,0.5,0,1
85,307,gemini31_pro,deepseek_v4,llm_llm,0.5,0,1
85,307,gemini31_pro,jackie,human_llm,0.5,0,1
85,307,gemini31_pro,qs,human_llm,0.5,0,1
85,307,deepseek_v4,jackie,human_llm,1.0,0,0
85,307,deepseek_v4,qs,human_llm,1.0,0,0
85,307,jackie,qs,human_human,0.0,1,0
86,316,gpt52,gemini31_pro,llm_llm,0.6666666666666667,0,0
86,316,gpt52,deepseek_v4,llm_llm,0.5,0,1
86,316,gpt52,jackie,human_llm,0.0,1,0
86,316,gpt52,qs,human_llm,0.0,1,0
86,316,gemini31_pro,deepseek_v4,llm_llm,0.5,0,1
86,316,gemini31_pro,jackie,human_llm,0.6666666666666667,0,0
86,316,gemini31_pro,qs,human_llm,0.6666666666666667,0,0
86,316,deepseek_v4,jackie,human_llm,0.5,0,1
86,316,deepseek_v4,qs,human_llm,0.5,0,1
86,316,jackie,qs,human_human,0.0,1,0
87,328,gpt52,gemini31_pro,llm_llm,0.33333333333333337,0,1
87,328,gpt52,deepseek_v4,llm_llm,0.0,1,0
87,328,gpt52,jackie,human_llm,0.0,1,0
87,328,gpt52,qs,human_llm,0.0,1,0
87,328,gemini31_pro,deepseek_v4,llm_llm,0.33333333333333337,0,1
87,328,gemini31_pro,jackie,human_llm,0.33333333333333337,0,1
87,328,gemini31_pro,qs,human_llm,0.33333333333333337,0,1
87,328,deepseek_v4,jackie,human_llm,0.0,1,0
87,328,deepseek_v4,qs,human_llm,0.0,1,0
87,328,jackie,qs,human_human,0.0,1,0
88,330,gpt52,gemini31_pro,llm_llm,0.5,0,1
88,330,gpt52,deepseek_v4,llm_llm,1.0,0,0
88,330,gpt52,jackie,human_llm,0.0,1,0
88,330,gpt52,qs,human_llm,0.0,1,0
88,330,gemini31_pro,deepseek_v4,llm_llm,0.5,0,1
88,330,gemini31_pro,jackie,human_llm,0.5,0,1
88,330,gemini31_pro,qs,human_llm,0.5,0,1
88,330,deepseek_v4,jackie,human_llm,1.0,0,0
88,330,deepseek_v4,qs,human_llm,1.0,0,0
88,330,jackie,qs,human_human,0.0,1,0
89,331,gpt52,gemini31_pro,llm_llm,0.0,1,0
89,331,gpt52,deepseek_v4,llm_llm,0.0,1,0
89,331,gpt52,jackie,human_llm,0.0,1,0
89,331,gpt52,qs,human_llm,0.0,1,0
89,331,gemini31_pro,deepseek_v4,llm_llm,0.0,1,0
89,331,gemini31_pro,jackie,human_llm,0.0,1,0
89,331,gemini31_pro,qs,human_llm,0.0,1,0
89,331,deepseek_v4,jackie,human_llm,0.0,1,0
89,331,deepseek_v4,qs,human_llm,0.0,1,0
89,331,jackie,qs,human_human,0.0,1,0
90,332,gpt52,gemini31_pro,llm_llm,0.0,1,0
90,332,gpt52,deepseek_v4,llm_llm,0.6666666666666667,0,0
90,332,gpt52,jackie,human_llm,1.0,0,1
90,332,gpt52,qs,human_llm,0.33333333333333337,0,1
90,332,gemini31_pro,deepseek_v4,llm_llm,0.6666666666666667,0,0
90,332,gemini31_pro,jackie,human_llm,1.0,0,1
90,332,gemini31_pro,qs,human_llm,0.33333333333333337,0,1
90,332,deepseek_v4,jackie,human_llm,0.5,0,1
90,332,deepseek_v4,qs,human_llm,0.75,0,1
90,332,jackie,qs,human_human,1.0,0,2
91,335,gpt52,gemini31_pro,llm_llm,0.75,0,1
91,335,gpt52,deepseek_v4,llm_llm,0.75,0,1
91,335,gpt52,jackie,human_llm,0.75,0,1
91,335,gpt52,qs,human_llm,0.8,0,0
91,335,gemini31_pro,deepseek_v4,llm_llm,0.6666666666666667,0,0
91,335,gemini31_pro,jackie,human_llm,0.0,1,0
91,335,gemini31_pro,qs,human_llm,0.33333333333333337,0,1
91,335,deepseek_v4,jackie,human_llm,0.6666666666666667,0,0
91,335,deepseek_v4,qs,human_llm,0.33333333333333337,0,1
91,335,jackie,qs,human_human,0.33333333333333337,0,1
92,341,gpt52,gemini31_pro,llm_llm,0.33333333333333337,0,1
92,341,gpt52,deepseek_v4,llm_llm,0.33333333333333337,0,1
92,341,gpt52,jackie,human_llm,0.75,0,1
92,341,gpt52,qs,human_llm,0.33333333333333337,0,1
92,341,gemini31_pro,deepseek_v4,llm_llm,0.0,1,0
92,341,gemini31_pro,jackie,human_llm,0.6666666666666667,0,0
92,341,gemini31_pro,qs,human_llm,0.0,1,0
92,341,deepseek_v4,jackie,human_llm,0.6666666666666667,0,0
92,341,deepseek_v4,qs,human_llm,0.0,1,0
92,341,jackie,qs,human_human,0.6666666666666667,0,0
93,342,gpt52,gemini31_pro,llm_llm,0.0,1,0
93,342,gpt52,deepseek_v4,llm_llm,0.0,1,0
93,342,gpt52,jackie,human_llm,0.33333333333333337,0,1
93,342,gpt52,qs,human_llm,0.33333333333333337,0,1
93,342,gemini31_pro,deepseek_v4,llm_llm,0.0,1,0
93,342,gemini31_pro,jackie,human_llm,0.33333333333333337,0,1
93,342,gemini31_pro,qs,human_llm,0.33333333333333337,0,1
93,342,deepseek_v4,jackie,human_llm,0.33333333333333337,0,1
93,342,deepseek_v4,qs,human_llm,0.33333333333333337,0,1
93,342,jackie,qs,human_human,0.0,1,0
94,344,gpt52,gemini31_pro,llm_llm,0.0,1,0
94,344,gpt52,deepseek_v4,llm_llm,0.0,1,0
94,344,gpt52,jackie,human_llm,0.33333333333333337,0,1
94,344,gpt52,qs,human_llm,0.5,0,0
94,344,gemini31_pro,deepseek_v4,llm_llm,0.0,1,0
94,344,gemini31_pro,jackie,human_llm,0.33333333333333337,0,1
94,344,gemini31_pro,qs,human_llm,0.5,0,0
94,344,deepseek_v4,jackie,human_llm,0.33333333333333337,0,1
94,344,deepseek_v4,qs,human_llm,0.5,0,0
94,344,jackie,qs,human_human,0.33333333333333337,0,1
95,352,gpt52,gemini31_pro,llm_llm,0.0,1,0
95,352,gpt52,deepseek_v4,llm_llm,0.5,0,1
95,352,gpt52,jackie,human_llm,0.5,0,1
95,352,gpt52,qs,human_llm,0.0,1,0
95,352,gemini31_pro,deepseek_v4,llm_llm,0.5,0,1
95,352,gemini31_pro,jackie,human_llm,0.5,0,1
95,352,gemini31_pro,qs,human_llm,0.0,1,0
95,352,deepseek_v4,jackie,human_llm,1.0,0,0
95,352,deepseek_v4,qs,human_llm,0.5,0,1
95,352,jackie,qs,human_human,0.5,0,1
96,371,gpt52,gemini31_pro,llm_llm,0.33333333333333337,0,1
96,371,gpt52,deepseek_v4,llm_llm,0.33333333333333337,0,1
96,371,gpt52,jackie,human_llm,0.33333333333333337,0,1
96,371,gpt52,qs,human_llm,0.33333333333333337,0,1
96,371,gemini31_pro,deepseek_v4,llm_llm,0.6666666666666667,0,0
96,371,gemini31_pro,jackie,human_llm,0.0,1,0
96,371,gemini31_pro,qs,human_llm,0.0,1,0
96,371,deepseek_v4,jackie,human_llm,0.6666666666666667,0,0
96,371,deepseek_v4,qs,human_llm,0.6666666666666667,0,0
96,371,jackie,qs,human_human,0.0,1,0
97,374,gpt52,gemini31_pro,llm_llm,0.6666666666666667,0,0
97,374,gpt52,deepseek_v4,llm_llm,1.0,0,0
97,374,gpt52,jackie,human_llm,0.6666666666666667,0,0
97,374,gpt52,qs,human_llm,0.5,0,1
97,374,gemini31_pro,deepseek_v4,llm_llm,0.6666666666666667,0,0
97,374,gemini31_pro,jackie,human_llm,0.6666666666666667,0,0
97,374,gemini31_pro,qs,human_llm,0.5,0,1
97,374,deepseek_v4,jackie,human_llm,1.0,0,0
97,374,deepseek_v4,qs,human_llm,1.0,0,1
97,374,jackie,qs,human_human,0.5,0,1
98,378,gpt52,gemini31_pro,llm_llm,0.5,0,1
98,378,gpt52,deepseek_v4,llm_llm,0.0,1,0
98,378,gpt52,jackie,human_llm,0.0,1,0
98,378,gpt52,qs,human_llm,0.0,1,0
98,378,gemini31_pro,deepseek_v4,llm_llm,0.5,0,1
98,378,gemini31_pro,jackie,human_llm,0.5,0,1
98,378,gemini31_pro,qs,human_llm,0.5,0,1
98,378,deepseek_v4,jackie,human_llm,0.0,1,0
98,378,deepseek_v4,qs,human_llm,0.0,1,0
98,378,jackie,qs,human_human,0.0,1,0
99,384,gpt52,gemini31_pro,llm_llm,0.33333333333333337,0,1
99,384,gpt52,deepseek_v4,llm_llm,1.0,0,1
99,384,gpt52,jackie,human_llm,0.75,0,1
99,384,gpt52,qs,human_llm,0.8,0,0
99,384,gemini31_pro,deepseek_v4,llm_llm,1.0,0,0
99,384,gemini31_pro,jackie,human_llm,0.6666666666666667,0,0
99,384,gemini31_pro,qs,human_llm,0.75,0,1
99,384,deepseek_v4,jackie,human_llm,0.6666666666666667,0,0
99,384,deepseek_v4,qs,human_llm,0.33333333333333337,0,1
99,384,jackie,qs,human_human,0.33333333333333337,0,1
100,391,gpt52,gemini31_pro,llm_llm,0.0,1,0
100,391,gpt52,deepseek_v4,llm_llm,0.5,0,1
100,391,gpt52,jackie,human_llm,0.33333333333333337,0,1
100,391,gpt52,qs,human_llm,0.0,1,0
100,391,gemini31_pro,deepseek_v4,llm_llm,0.5,0,1
100,391,gemini31_pro,jackie,human_llm,0.33333333333333337,0,1
100,391,gemini31_pro,qs,human_llm,0.0,1,0
100,391,deepseek_v4,jackie,human_llm,0.6666666666666667,0,2
100,391,deepseek_v4,qs,human_llm,0.5,0,1
100,391,jackie,qs,human_human,0.33333333333333337,0,1
101,397,gpt52,gemini31_pro,llm_llm,0.0,1,0
101,397,gpt52,deepseek_v4,llm_llm,0.5,0,1
101,397,gpt52,jackie,human_llm,0.0,1,0
101,397,gpt52,qs,human_llm,0.0,1,0
101,397,gemini31_pro,deepseek_v4,llm_llm,0.5,0,1
101,397,gemini31_pro,jackie,human_llm,0.0,1,0
101,397,gemini31_pro,qs,human_llm,0.0,1,0
101,397,deepseek_v4,jackie,human_llm,0.5,0,1
101,397,deepseek_v4,qs,human_llm,0.5,0,1
101,397,jackie,qs,human_human,0.0,1,0
102,401,gpt52,gemini31_pro,llm_llm,0.0,1,0
102,401,gpt52,deepseek_v4,llm_llm,0.5,0,1
102,401,gpt52,jackie,human_llm,0.5,0,1
102,401,gpt52,qs,human_llm,0.5,0,1
102,401,gemini31_pro,deepseek_v4,llm_llm,0.5,0,1
102,401,gemini31_pro,jackie,human_llm,0.5,0,1
102,401,gemini31_pro,qs,human_llm,0.5,0,1
102,401,deepseek_v4,jackie,human_llm,1.0,0,0
102,401,deepseek_v4,qs,human_llm,1.0,0,0
102,401,jackie,qs,human_human,0.0,1,0
103,404,gpt52,gemini31_pro,llm_llm,0.33333333333333337,0,1
103,404,gpt52,deepseek_v4,llm_llm,0.6666666666666667,0,0
103,404,gpt52,jackie,human_llm,0.0,1,0
103,404,gpt52,qs,human_llm,0.0,1,0
103,404,gemini31_pro,deepseek_v4,llm_llm,0.33333333333333337,0,1
103,404,gemini31_pro,jackie,human_llm,0.33333333333333337,0,1
103,404,gemini31_pro,qs,human_llm,0.33333333333333337,0,1
103,404,deepseek_v4,jackie,human_llm,0.6666666666666667,0,0
103,404,deepseek_v4,qs,human_llm,0.6666666666666667,0,0
103,404,jackie,qs,human_human,0.0,1,0
104,412,gpt52,gemini31_pro,llm_llm,0.5,0,1
104,412,gpt52,deepseek_v4,llm_llm,0.5,0,1
104,412,gpt52,jackie,human_llm,0.0,1,0
104,412,gpt52,qs,human_llm,0.33333333333333337,0,1
104,412,gemini31_pro,deepseek_v4,llm_llm,0.0,1,0
104,412,gemini31_pro,jackie,human_llm,0.5,0,1
104,412,gemini31_pro,qs,human_llm,0.6666666666666667,0,2
104,412,deepseek_v4,jackie,human_llm,0.5,0,1
104,412,deepseek_v4,qs,human_llm,0.6666666666666667,0,2
104,412,jackie,qs,human_human,0.33333333333333337,0,1
105,418,gpt52,gemini31_pro,llm_llm,0.0,1,0
105,418,gpt52,deepseek_v4,llm_llm,0.5,0,1
105,418,gpt52,jackie,human_llm,0.6666666666666667,0,0
105,418,gpt52,qs,human_llm,0.6666666666666667,0,0
105,418,gemini31_pro,deepseek_v4,llm_llm,0.5,0,1
105,418,gemini31_pro,jackie,human_llm,0.6666666666666667,0,0
105,418,gemini31_pro,qs,human_llm,0.6666666666666667,0,0
105,418,deepseek_v4,jackie,human_llm,1.0,0,1
105,418,deepseek_v4,qs,human_llm,1.0,0,1
105,418,jackie,qs,human_human,0.0,1,0
106,419,gpt52,gemini31_pro,llm_llm,0.0,1,0
106,419,gpt52,deepseek_v4,llm_llm,0.8,0,0
106,419,gpt52,jackie,human_llm,0.0,1,0
106,419,gpt52,qs,human_llm,0.0,1,0
106,419,gemini31_pro,deepseek_v4,llm_llm,0.8,0,0
106,419,gemini31_pro,jackie,human_llm,0.0,1,0
106,419,gemini31_pro,qs,human_llm,0.0,1,0
106,419,deepseek_v4,jackie,human_llm,0.8,0,0
106,419,deepseek_v4,qs,human_llm,0.8,0,0
106,419,jackie,qs,human_human,0.0,1,0
107,420,gpt52,gemini31_pro,llm_llm,0.0,1,0
107,420,gpt52,deepseek_v4,llm_llm,0.0,1,0
107,420,gpt52,jackie,human_llm,0.0,1,0
107,420,gpt52,qs,human_llm,0.0,1,0
107,420,gemini31_pro,deepseek_v4,llm_llm,0.0,1,0
107,420,gemini31_pro,jackie,human_llm,0.0,1,0
107,420,gemini31_pro,qs,human_llm,0.0,1,0
107,420,deepseek_v4,jackie,human_llm,0.0,1,0
107,420,deepseek_v4,qs,human_llm,0.0,1,0
107,420,jackie,qs,human_human,0.0,1,0
108,421,gpt52,gemini31_pro,llm_llm,0.8,0,0
108,421,gpt52,deepseek_v4,llm_llm,0.0,1,0
108,421,gpt52,jackie,human_llm,0.8333333333333334,0,1
108,421,gpt52,qs,human_llm,0.8333333333333334,0,1
108,421,gemini31_pro,deepseek_v4,llm_llm,0.8,0,0
108,421,gemini31_pro,jackie,human_llm,0.25,0,1
108,421,gemini31_pro,qs,human_llm,0.25,0,1
108,421,deepseek_v4,jackie,human_llm,0.8333333333333334,0,1
108,421,deepseek_v4,qs,human_llm,0.8333333333333334,0,1
108,421,jackie,qs,human_human,0.0,1,0
109,422,gpt52,gemini31_pro,llm_llm,0.5,0,0
109,422,gpt52,deepseek_v4,llm_llm,0.75,0,1
109,422,gpt52,jackie,human_llm,0.33333333333333337,0,1
109,422,gpt52,qs,human_llm,0.33333333333333337,0,1
109,422,gemini31_pro,deepseek_v4,llm_llm,0.33333333333333337,0,1
109,422,gemini31_pro,jackie,human_llm,0.75,0,1
109,422,gemini31_pro,qs,human_llm,0.75,0,1
109,422,deepseek_v4,jackie,human_llm,0.6666666666666667,0,0
109,422,deepseek_v4,qs,human_llm,0.6666666666666667,0,0
109,422,jackie,qs,human_human,0.0,1,0
110,424,gpt52,gemini31_pro,llm_llm,0.0,1,0
110,424,gpt52,deepseek_v4,llm_llm,0.0,1,0
110,424,gpt52,jackie,human_llm,0.25,0,1
110,424,gpt52,qs,human_llm,0.25,0,1
110,424,gemini31_pro,deepseek_v4,llm_llm,0.0,1,0
110,424,gemini31_pro,jackie,human_llm,0.25,0,1
110,424,gemini31_pro,qs,human_llm,0.25,0,1
110,424,deepseek_v4,jackie,human_llm,0.25,0,1
110,424,deepseek_v4,qs,human_llm,0.25,0,1
110,424,jackie,qs,human_human,0.0,1,0
111,426,gpt52,gemini31_pro,llm_llm,0.0,1,0
111,426,gpt52,deepseek_v4,llm_llm,1.0,0,1
111,426,gpt52,jackie,human_llm,0.6666666666666667,0,0
111,426,gpt52,qs,human_llm,0.75,0,1
111,426,gemini31_pro,deepseek_v4,llm_llm,1.0,0,1
111,426,gemini31_pro,jackie,human_llm,0.6666666666666667,0,0
111,426,gemini31_pro,qs,human_llm,0.75,0,1
111,426,deepseek_v4,jackie,human_llm,0.5,0,1
111,426,deepseek_v4,qs,human_llm,0.6666666666666667,0,2
111,426,jackie,qs,human_human,0.33333333333333337,0,1
112,428,gpt52,gemini31_pro,llm_llm,0.33333333333333337,0,1
112,428,gpt52,deepseek_v4,llm_llm,0.6666666666666667,0,2
112,428,gpt52,jackie,human_llm,0.75,0,1
112,428,gpt52,qs,human_llm,0.33333333333333337,0,1
112,428,gemini31_pro,deepseek_v4,llm_llm,0.5,0,1
112,428,gemini31_pro,jackie,human_llm,0.6666666666666667,0,0
112,428,gemini31_pro,qs,human_llm,0.0,1,0
112,428,deepseek_v4,jackie,human_llm,1.0,0,1
112,428,deepseek_v4,qs,human_llm,0.5,0,1
112,428,jackie,qs,human_human,0.6666666666666667,0,0
113,429,gpt52,gemini31_pro,llm_llm,0.0,1,0
113,429,gpt52,deepseek_v4,llm_llm,0.5,0,1
113,429,gpt52,jackie,human_llm,0.5,0,1
113,429,gpt52,qs,human_llm,0.0,1,0
113,429,gemini31_pro,deepseek_v4,llm_llm,0.5,0,1
113,429,gemini31_pro,jackie,human_llm,0.5,0,1
113,429,gemini31_pro,qs,human_llm,0.0,1,0
113,429,deepseek_v4,jackie,human_llm,1.0,0,0
113,429,deepseek_v4,qs,human_llm,0.5,0,1
113,429,jackie,qs,human_human,0.5,0,1
114,430,gpt52,gemini31_pro,llm_llm,0.5,0,1
114,430,gpt52,deepseek_v4,llm_llm,0.5,0,1
114,430,gpt52,jackie,human_llm,0.5,0,1
114,430,gpt52,qs,human_llm,0.5,0,1
114,430,gemini31_pro,deepseek_v4,llm_llm,1.0,0,0
114,430,gemini31_pro,jackie,human_llm,0.0,1,0
114,430,gemini31_pro,qs,human_llm,0.0,1,0
114,430,deepseek_v4,jackie,human_llm,1.0,0,0
114,430,deepseek_v4,qs,human_llm,1.0,0,0
114,430,jackie,qs,human_human,0.0,1,0
